CWE_RULE,Parentof,Childof,Enforced By,QAC MESSAGE,MISRA C:2012 / Coding Standard v6 Rules,CERT C,Comments
CWE-14,,733,QAC,2980,Rule-2.2,Not Mapped,Not Mapped
,,,QAC,2981,Rule-2.2,,
,,,QAC,2982,Rule-2.2,,
,,,QAC,2983,Rule-2.2,,
,,,QAC,3203,,,
,,,QAC,3229,,,
CWE-20,"1284,120,109,1286,1173,107,1289,104,15,190,622,129,134,113,470,1287,114,466,119,106,1288,105,170,103,112,102,108,179,1285,73,110,117,111,785",707,QAC,2956,Dir-4.14,"ERR07-C,FIO30-C,MEM10-C",
,,,QAC,2959,,,
CWE-78,,"77,74",CWECCM,,,"ENV03-C,ENV33-C,STR02-C",
CWE-88,,"77,74",CWECCM,,,"ENV03-C,ENV33-C,STR02-C",
CWE-119,"125,825,822,130,120,786,805,787,466,824,123,680,823,788","20,118",CWECCM,,,"ARR00-C,ARR30-C,ARR38-C,ENV01-C,EXP39-C,FIO37-C,STR31-C,STR32-C",
CWE-120,785,"119,20",QAC,2840,Rule-21.18|Rule-1.3|Rule-18.1,STR31-C,
,,,QAC,2841,Rule-21.18|Rule-18.1|Dir-4.1,,
,,,QAC,2842,Rule-21.18|Rule-18.1|Dir-4.1,,
,,,QAC,2843,,,
,,,QAC,2844,,,
,,,QAC,2845,Rule-21.18|Dir-4.1,,
,,,QAC,2846,Rule-21.18|Dir-4.1,,
,,,QAC,2847,Rule-21.18|Dir-4.1,,
,,,QAC,2848,,,
,,,QAC,2849,,,
,,,QAC,2930,Rule-18.1,,
,,,QAC,2931,Rule-18.1,,
,,,QAC,2932,Rule-18.1,,
,,,QAC,2933,,,
,,,QAC,2934,,,
,,,QAC,2935,Rule-21.17|Rule-21.18|Rule-1.3|Rule-18.1,,
,,,QAC,2936,Rule-21.17|Rule-21.18|Rule-18.1|Dir-4.1,,
,,,QAC,2937,Rule-21.17|Rule-21.18|Rule-18.1|Dir-4.1,,
,,,QAC,2938,,,
,,,QAC,2939,,,
,,,QAC,2950,,,
,,,QAC,2951,,,
,,,QAC,2952,,,
,,,QAC,2953,,,
CWE-121,,"787,788",QAC,2840,Rule-21.18|Rule-1.3|Rule-18.1,"ARR38-C,STR31-C",
,,,QAC,2841,Rule-21.18|Rule-18.1|Dir-4.1,,
,,,QAC,2842,Rule-21.18|Rule-18.1|Dir-4.1,,
,,,QAC,2843,,,
,,,QAC,2844,,,
,,,QAC,2845,Rule-21.18|Dir-4.1,,
,,,QAC,2846,Rule-21.18|Dir-4.1,,
,,,QAC,2847,Rule-21.18|Dir-4.1,,
,,,QAC,2848,,,
,,,QAC,2849,,,
,,,QAC,2930,Rule-18.1,,
,,,QAC,2931,Rule-18.1,,
,,,QAC,2932,Rule-18.1,,
,,,QAC,2933,,,
,,,QAC,2934,,,
,,,QAC,2935,Rule-21.17|Rule-21.18|Rule-1.3|Rule-18.1,,
,,,QAC,2936,Rule-21.17|Rule-21.18|Rule-18.1|Dir-4.1,,
,,,QAC,2937,Rule-21.17|Rule-21.18|Rule-18.1|Dir-4.1,,
,,,QAC,2938,,,
,,,QAC,2939,,,
,,,QAC,2950,,,
,,,QAC,2951,,,
,,,QAC,2952,,,
,,,QAC,2953,,,
CWE-122,,"787,788",QAC,2840,Rule-21.18|Rule-1.3|Rule-18.1,STR31-C,
,,,QAC,2841,Rule-21.18|Rule-18.1|Dir-4.1,,
,,,QAC,2842,Rule-21.18|Rule-18.1|Dir-4.1,,
,,,QAC,2843,,,
,,,QAC,2844,,,
,,,QAC,2845,Rule-21.18|Dir-4.1,,
,,,QAC,2846,Rule-21.18|Dir-4.1,,
,,,QAC,2847,Rule-21.18|Dir-4.1,,
,,,QAC,2848,,,
,,,QAC,2849,,,
,,,QAC,2930,Rule-18.1,,
,,,QAC,2931,Rule-18.1,,
,,,QAC,2932,Rule-18.1,,
,,,QAC,2933,,,
,,,QAC,2934,,,
,,,QAC,2935,Rule-21.17|Rule-21.18|Rule-1.3|Rule-18.1,,
,,,QAC,2936,Rule-21.17|Rule-21.18|Rule-18.1|Dir-4.1,,
,,,QAC,2937,Rule-21.17|Rule-21.18|Rule-18.1|Dir-4.1,,
,,,QAC,2938,,,
,,,QAC,2939,,,
,,,QAC,2950,,,
,,,QAC,2951,,,
,,,QAC,2952,,,
,,,QAC,2953,,,
CWE-124,,"787,786",QAC,2840,Rule-21.18|Rule-1.3|Rule-18.1,Not Mapped,Not Mapped
,,,QAC,2841,Rule-21.18|Rule-18.1|Dir-4.1,,
,,,QAC,2842,Rule-21.18|Rule-18.1|Dir-4.1,,
,,,QAC,2843,,,
,,,QAC,2844,,,
,,,QAC,2845,Rule-21.18|Dir-4.1,,
,,,QAC,2846,Rule-21.18|Dir-4.1,,
,,,QAC,2847,Rule-21.18|Dir-4.1,,
,,,QAC,2848,,,
,,,QAC,2849,,,
,,,QAC,2930,Rule-18.1,,
,,,QAC,2931,Rule-18.1,,
,,,QAC,2932,Rule-18.1,,
,,,QAC,2933,,,
,,,QAC,2934,,,
,,,QAC,2935,Rule-21.17|Rule-21.18|Rule-1.3|Rule-18.1,,
,,,QAC,2936,Rule-21.17|Rule-21.18|Rule-18.1|Dir-4.1,,
,,,QAC,2937,Rule-21.17|Rule-21.18|Rule-18.1|Dir-4.1,,
,,,QAC,2938,,,
,,,QAC,2939,,,
,,,QAC,2950,,,
,,,QAC,2951,,,
,,,QAC,2952,,,
,,,QAC,2953,,,
CWE-125,"126,127",119,QAC,2840,Rule-21.18|Rule-1.3|Rule-18.1,"ARR30-C,ARR38-C,EXP39-C,STR31-C,STR32-C",
,,,QAC,2841,Rule-21.18|Rule-18.1|Dir-4.1,,
,,,QAC,2842,Rule-21.18|Rule-18.1|Dir-4.1,,
,,,QAC,2843,,,
,,,QAC,2844,,,
,,,QAC,2845,Rule-21.18|Dir-4.1,,
,,,QAC,2846,Rule-21.18|Dir-4.1,,
,,,QAC,2847,Rule-21.18|Dir-4.1,,
,,,QAC,2848,,,
,,,QAC,2849,,,
,,,QAC,2930,Rule-18.1,,
,,,QAC,2931,Rule-18.1,,
,,,QAC,2932,Rule-18.1,,
,,,QAC,2933,,,
,,,QAC,2934,,,
,,,QAC,2935,Rule-21.17|Rule-21.18|Rule-1.3|Rule-18.1,,
,,,QAC,2936,Rule-21.17|Rule-21.18|Rule-18.1|Dir-4.1,,
,,,QAC,2937,Rule-21.17|Rule-21.18|Rule-18.1|Dir-4.1,,
,,,QAC,2938,,,
,,,QAC,2939,,,
,,,QAC,2950,,,
,,,QAC,2951,,,
,,,QAC,2952,,,
,,,QAC,2953,,,
CWE-126,,"125,788",QAC,2840,Rule-21.18|Rule-1.3|Rule-18.1,Not Mapped,Not Mapped
,,,QAC,2841,Rule-21.18|Rule-18.1|Dir-4.1,,
,,,QAC,2842,Rule-21.18|Rule-18.1|Dir-4.1,,
,,,QAC,2843,,,
,,,QAC,2844,,,
,,,QAC,2845,Rule-21.18|Dir-4.1,,
,,,QAC,2846,Rule-21.18|Dir-4.1,,
,,,QAC,2847,Rule-21.18|Dir-4.1,,
,,,QAC,2848,,,
,,,QAC,2849,,,
,,,QAC,2930,Rule-18.1,,
,,,QAC,2931,Rule-18.1,,
,,,QAC,2932,Rule-18.1,,
,,,QAC,2933,,,
,,,QAC,2934,,,
,,,QAC,2935,Rule-21.17|Rule-21.18|Rule-1.3|Rule-18.1,,
,,,QAC,2936,Rule-21.17|Rule-21.18|Rule-18.1|Dir-4.1,,
,,,QAC,2937,Rule-21.17|Rule-21.18|Rule-18.1|Dir-4.1,,
,,,QAC,2938,,,
,,,QAC,2939,,,
,,,QAC,2950,,,
,,,QAC,2951,,,
,,,QAC,2952,,,
,,,QAC,2953,,,
CWE-127,,"125,786",QAC,2840,Rule-21.18|Rule-1.3|Rule-18.1,Not Mapped,Not Mapped
,,,QAC,2841,Rule-21.18|Rule-18.1|Dir-4.1,,
,,,QAC,2842,Rule-21.18|Rule-18.1|Dir-4.1,,
,,,QAC,2843,,,
,,,QAC,2844,,,
,,,QAC,2845,Rule-21.18|Dir-4.1,,
,,,QAC,2846,Rule-21.18|Dir-4.1,,
,,,QAC,2847,Rule-21.18|Dir-4.1,,
,,,QAC,2848,,,
,,,QAC,2849,,,
,,,QAC,2930,Rule-18.1,,
,,,QAC,2931,Rule-18.1,,
,,,QAC,2932,Rule-18.1,,
,,,QAC,2933,,,
,,,QAC,2934,,,
,,,QAC,2935,Rule-21.17|Rule-21.18|Rule-1.3|Rule-18.1,,
,,,QAC,2936,Rule-21.17|Rule-21.18|Rule-18.1|Dir-4.1,,
,,,QAC,2937,Rule-21.17|Rule-21.18|Rule-18.1|Dir-4.1,,
,,,QAC,2938,,,
,,,QAC,2939,,,
,,,QAC,2950,,,
,,,QAC,2951,,,
,,,QAC,2952,,,
,,,QAC,2953,,,
CWE-128,,682,QAC,2800,Rule-1.3,Not Mapped,Not Mapped
,,,QAC,2801,Dir-4.1,,
,,,QAC,2802,Dir-4.1,,
,,,QAC,2803,,,
,,,QAC,2830,Rule-1.3,,
,,,QAC,2831,Dir-4.1,,
,,,QAC,2832,Dir-4.1,,
,,,QAC,2833,,,
,,,QAC,2834,,,
,,,QAC,2910,Rule-12.4,,
,,,QAC,2911,,,
,,,QAC,2912,,,
,,,QAC,2913,,,
CWE-129,,"20,1285",QAC,2800,Rule-1.3,"ARR00-C,ARR30-C,ARR38-C,INT32-C",
,,,QAC,2801,Dir-4.1,,
,,,QAC,2802,Dir-4.1,,
,,,QAC,2803,,,
,,,QAC,2840,Rule-21.18|Rule-1.3|Rule-18.1,,
,,,QAC,2841,Rule-21.18|Rule-18.1|Dir-4.1,,
,,,QAC,2842,Rule-21.18|Rule-18.1|Dir-4.1,,
,,,QAC,2843,,,
,,,QAC,2844,,,
,,,QAC,2845,Rule-21.18|Dir-4.1,,
,,,QAC,2846,Rule-21.18|Dir-4.1,,
,,,QAC,2847,Rule-21.18|Dir-4.1,,
,,,QAC,2848,,,
,,,QAC,2849,,,
,,,QAC,2930,Rule-18.1,,
,,,QAC,2931,Rule-18.1,,
,,,QAC,2932,Rule-18.1,,
,,,QAC,2933,,,
,,,QAC,2934,,,
,,,QAC,2935,Rule-21.17|Rule-21.18|Rule-1.3|Rule-18.1,,
,,,QAC,2936,Rule-21.17|Rule-21.18|Rule-18.1|Dir-4.1,,
,,,QAC,2937,Rule-21.17|Rule-21.18|Rule-18.1|Dir-4.1,,
,,,QAC,2938,,,
,,,QAC,2939,,,
,,,QAC,2950,,,
,,,QAC,2951,,,
,,,QAC,2952,,,
,,,QAC,2953,,,
CWE-130,,"119,240",QAC,2840,Rule-21.18|Rule-1.3|Rule-18.1,Not Mapped,Not Mapped
,,,QAC,2841,Rule-21.18|Rule-18.1|Dir-4.1,,
,,,QAC,2842,Rule-21.18|Rule-18.1|Dir-4.1,,
,,,QAC,2843,,,
,,,QAC,2844,,,
CWE-131,,682,QAC,2840,Rule-21.18|Rule-1.3|Rule-18.1,"INT30-C,MEM35-C",
,,,QAC,2841,Rule-21.18|Rule-18.1|Dir-4.1,,
,,,QAC,2842,Rule-21.18|Rule-18.1|Dir-4.1,,
,,,QAC,2843,,,
,,,QAC,2844,,,
,,,QAC,2845,Rule-21.18|Dir-4.1,,
,,,QAC,2846,Rule-21.18|Dir-4.1,,
,,,QAC,2847,Rule-21.18|Dir-4.1,,
,,,QAC,2848,,,
,,,QAC,2849,,,
,,,QAC,2930,Rule-18.1,,
,,,QAC,2931,Rule-18.1,,
,,,QAC,2932,Rule-18.1,,
,,,QAC,2933,,,
,,,QAC,2934,,,
,,,QAC,2935,Rule-21.17|Rule-21.18|Rule-1.3|Rule-18.1,,
,,,QAC,2936,Rule-21.17|Rule-21.18|Rule-18.1|Dir-4.1,,
,,,QAC,2937,Rule-21.17|Rule-21.18|Rule-18.1|Dir-4.1,,
,,,QAC,2938,,,
,,,QAC,2939,,,
,,,QAC,2950,,,
,,,QAC,2951,,,
,,,QAC,2952,,,
,,,QAC,2953,,,
CWE-134,,"668,20",QAC,160,Rule-1.3,"FIO30-C,FIO47-C",
,,,QAC,161,Rule-1.3,,
,,,QAC,162,Rule-1.3,,
,,,QAC,163,Rule-1.3,,
,,,QAC,164,Rule-1.3,,
,,,QAC,165,Rule-1.3,,
,,,QAC,166,Rule-1.3,,
,,,QAC,167,Rule-1.3,,
,,,QAC,168,Rule-1.3,,
,,,QAC,169,Rule-1.3,,
,,,QAC,170,Rule-1.3,,
,,,QAC,171,Rule-1.3,,
,,,QAC,172,Rule-1.3,,
,,,QAC,173,Rule-1.3,,
,,,QAC,174,Rule-1.3,,
,,,QAC,175,Rule-1.3,,
,,,QAC,176,Rule-1.3,,
,,,QAC,177,Rule-1.3,,
,,,QAC,178,Rule-1.3,,
,,,QAC,179,Rule-1.3,,
,,,QAC,184,Rule-1.3,,
,,,QAC,185,Rule-1.3,,
,,,QAC,186,Rule-1.3,,
,,,QAC,190,Rule-1.3,,
,,,QAC,191,Rule-1.3,,
,,,QAC,192,Rule-1.3,,
,,,QAC,193,Rule-1.3,,
,,,QAC,194,Rule-1.3,,
,,,QAC,195,Rule-1.3,,
,,,QAC,196,Rule-1.3,,
,,,QAC,197,Rule-1.3,,
,,,QAC,198,Rule-1.3,,
,,,QAC,199,Rule-1.3,,
,,,QAC,200,Rule-1.3,,
,,,QAC,201,Rule-1.3,,
,,,QAC,203,Rule-1.3,,
,,,QAC,204,Rule-1.3,,
,,,QAC,206,Rule-1.3,,
,,,QAC,207,Rule-1.3,,
,,,QAC,208,Rule-1.3,,
,,,QAC,235,Rule-1.3,,
,,,QAC,337,Rule-1.3,,
CWE-135,,682,QAC,432,Rule-1.1,Not Mapped,Not Mapped
,,,QAC,701,,,
CWE-170,,"707,20",CWECCM,,,"POS30-C,STR03-C,STR32-C",no POSIX operating system
CWE-176,,172,QAC,3609,,Not Mapped,Not Mapped
,,,QAC,3610,,,
CWE-187,,1023,CWECCM,,,Not Mapped,Not Mapped
CWE-188,198,"1105,435",QAC,309,Rule-1.3,Not Mapped,Not Mapped
,,,QAC,310,Rule-11.3,,
,,,QAC,313,Rule-11.1,,
,,,QAC,314,Dir-1.1,,
,,,QAC,315,Dir-1.1,,
,,,QAC,316,Rule-11.5,,
,,,QAC,317,Rule-11.5,,
,,,QAC,488,Rule-18.4,,
,,,QAC,489,,,
,,,QAC,490,,,
,,,QAC,491,,,
,,,QAC,492,,,
,,,QAC,507,,,
,,,QAC,508,,,
,,,QAC,509,,,
,,,QAC,510,,,
,,,QAC,513,Rule-1.1,,
,,,QAC,514,Rule-1.1,,
,,,QAC,515,Rule-1.1,,
,,,QAC,550,Rule-1.1,,
,,,QAC,558,Rule-1.1,,
,,,QAC,563,Rule-1.1,,
,,,QAC,696,,,
,,,QAC,697,,,
,,,QAC,751,,,
,,,QAC,3305,Rule-11.3,,
,,,QAC,3686,,,
,,,QAC,3690,,,
CWE-190,,"20,682",QAC,696,,"INT18-C,INT30-C,INT32-C,INT35-C,MEM07-C,MEM35-C",Used processors/compilers avoid addressed problem
,,,QAC,2800,Rule-1.3,,
,,,QAC,2801,Dir-4.1,,
,,,QAC,2802,Dir-4.1,,
,,,QAC,2803,,,
,,,QAC,2910,Rule-12.4,,
,,,QAC,2911,,,
,,,QAC,2912,,,
,,,QAC,2913,,,
CWE-191,,682,QAC,2910,Rule-12.4,"INT30-C,INT32-C",
,,,QAC,2911,,,
,,,QAC,2912,,,
,,,QAC,2913,,,
CWE-193,,682,CWECCM,,,Not Mapped,Not Mapped
CWE-194,,681,QAC,3738,,INT31-C,
,,,QAC,3740,,,
,,,QAC,3741,,,
,,,QAC,3742,,,
,,,QAC,3743,,,
,,,QAC,3762,,,
CWE-195,,681,QAC,1820,Rule-10.4,INT31-C,
,,,QAC,1821,Rule-10.4,,
,,,QAC,1822,Rule-10.4,,
,,,QAC,1823,Rule-10.4,,
,,,QAC,1824,Rule-10.4,,
,,,QAC,1830,Rule-10.4,,
,,,QAC,1831,Rule-10.4,,
,,,QAC,1832,Rule-10.4,,
,,,QAC,1833,Rule-10.4,,
,,,QAC,1834,Rule-10.4,,
,,,QAC,1840,Rule-10.4,,
,,,QAC,1841,Rule-10.4,,
,,,QAC,1842,Rule-10.4,,
,,,QAC,1843,Rule-10.4,,
,,,QAC,1844,Rule-10.4,,
CWE-196,,681,QAC,3711,,Not Mapped,Not Mapped
,,,QAC,3712,,,
,,,QAC,3713,,,
,,,QAC,3715,,,
,,,QAC,3717,,,
,,,QAC,3719,,,
,,,QAC,3720,,,
,,,QAC,3721,,,
,,,QAC,3744,,,
,,,QAC,3745,,,
,,,QAC,3747,,,
,,,QAC,3748,,,
,,,QAC,3750,,,
,,,QAC,3752,,,
,,,QAC,3753,,,
,,,QAC,3754,,,
,,,QAC,3766,,,
,,,QAC,3767,,,
,,,QAC,3769,,,
,,,QAC,3771,,,
,,,QAC,3772,,,
,,,QAC,3774,,,
,,,QAC,3775,,,
,,,QAC,3776,,,
,,,QAC,3788,,,
,,,QAC,3789,,,
,,,QAC,3791,,,
,,,QAC,3793,,,
,,,QAC,3795,,,
,,,QAC,3796,,,
,,,QAC,3797,,,
,,,QAC,3798,,,
,,,QAC,3834,,,
,,,QAC,3840,,,
,,,QAC,3844,,,
,,,QAC,3848,,,
,,,QAC,3863,,,
,,,QAC,3864,,,
,,,QAC,3866,,,
,,,QAC,3868,,,
,,,QAC,3870,,,
,,,QAC,3872,,,
,,,QAC,3873,,,
,,,QAC,3874,,,
,,,QAC,3875,,,
CWE-197,,681,QAC,2900,Rule-10.3,"FIO34-C,FLP34-C,INT02-C,INT05-C,INT31-C",Standard-library headers not used
,,,QAC,2901,,,
,,,QAC,2902,,,
,,,QAC,2903,,,
,,,QAC,2905,,,
,,,QAC,2906,,,
,,,QAC,2907,,,
,,,QAC,2908,,,
,,,QAC,2920,,,
,,,QAC,2921,,,
,,,QAC,2922,,,
,,,QAC,4398,Rule-10.8,,
,,,QAC,4399,Rule-10.8,,
,,,QAC,4498,,,
,,,QAC,4499,Rule-10.6,,
CWE-233,"234,236,235",228,QAC,422,Rule-1.1,Not Mapped,Not Mapped
CWE-234,,233,QAC,423,Rule-1.1,Not Mapped,Not Mapped
CWE-242,,1177,CWECCM,,,POS33-C,no POSIX operating system
CWE-243,,"669,573",CWECCM,,,Not Mapped,Not Mapped
CWE-244,,226,CWECCM,,,Not Mapped,Not Mapped
CWE-252,,754,QAC,3200,Dir-4.7|Rule-17.7,"ERR33-C,POS54-C",no POSIX operating system
,,,QAC,3208,,,
,,,QAC,3209,,,
CWE-253,,"754,573",QAC,,,"ERR33-C,POS54-C",no POSIX operating system
CWE-273,,"271,754",CWECCM,,,POS37-C,no POSIX operating system
CWE-324,,672,QAC,,,Not Mapped,Not Mapped
CWE-327,"328,916,1240,780",693,CWECCM,,,"MSC30-C,MSC32-C",Standard-library headers not used; Separate hardware used|Separate hardware used
CWE-336,,335,QAC,,,Not Mapped,Not Mapped
CWE-337,,335,QAC,,,Not Mapped,Not Mapped
CWE-338,,330,CWECCM,,,MSC30-C,Standard-library headers not used; Separate hardware used
CWE-362,"368,421,366,1298,689,1223,364,367",691,QAC,4951,,Not Mapped,Not Mapped
,,,QAC,4952,,,
,,,QAC,4976,,,
,,,QAC,4977,,,
CWE-365,,119,QAC,,,Not Mapped,Not Mapped
CWE-369,,682,QAC,2830,Rule-1.3,"FLP03-C,INT33-C",
,,,QAC,2831,Dir-4.1,,
,,,QAC,2832,Dir-4.1,,
,,,QAC,2833,,,
,,,QAC,2834,,,
CWE-374,,668,CWECCM,,,Not Mapped,Not Mapped
CWE-375,,668,CWECCM,,,Not Mapped,Not Mapped
CWE-391,,"754,703",QAC,3200,Dir-4.7|Rule-17.7,"ERR00-C,ERR33-C,ERR34-C,FLP32-C,POS54-C",Standard-library headers not used|no POSIX operating system
,,,QAC,3208,,,
,,,QAC,3209,,,
CWE-398,,"77,74",CWECCM,,,Not Mapped,Not Mapped
CWE-398,,"77,74",QAC,303,Rule-11.4,Not Mapped,Not Mapped
,,,QAC,305,Rule-11.1,,
,,,QAC,306,Rule-11.4,,
,,,QAC,308,Rule-11.2,,
,,,QAC,310,Rule-11.3,,
,,,QAC,313,Rule-11.1,,
,,,QAC,314,Dir-1.1,,
,,,QAC,315,Dir-1.1,,
,,,QAC,316,Rule-11.5,,
,,,QAC,317,Rule-11.5,,
,,,QAC,318,,,
,,,QAC,324,Rule-11.2,,
,,,QAC,325,Rule-11.2,,
,,,QAC,326,Rule-11.6,,
,,,QAC,336,Rule-7.1,,
,,,QAC,339,Rule-7.1,,
,,,QAC,428,,,
,,,QAC,488,Rule-18.4,,
,,,QAC,489,,,
,,,QAC,490,,,
,,,QAC,491,,,
,,,QAC,492,,,
,,,QAC,553,,,
,,,QAC,597,,,
,,,QAC,606,Rule-8.3,,
,,,QAC,624,Rule-8.3,,
,,,QAC,652,,,
,,,QAC,722,,,
,,,QAC,723,,,
,,,QAC,724,Rule-8.12,,
,,,QAC,751,,,
,,,QAC,752,Rule-7.4,,
,,,QAC,753,Rule-7.4,,
,,,QAC,769,,,
,,,QAC,770,,,
,,,QAC,771,Rule-15.4,,
,,,QAC,780,,,
,,,QAC,781,,,
,,,QAC,782,,,
,,,QAC,783,,,
,,,QAC,790,,,
,,,QAC,832,,,
,,,QAC,838,,,
,,,QAC,839,,,
,,,QAC,841,Rule-20.5,,
,,,QAC,842,,,
,,,QAC,843,,,
,,,QAC,861,,,
,,,QAC,862,,,
,,,QAC,868,,,
,,,QAC,878,,,
,,,QAC,880,,,
,,,QAC,881,,,
,,,QAC,882,,,
,,,QAC,883,Dir-4.10|Rule-1.2,,
,,,QAC,884,,,
,,,QAC,889,,,
,,,QAC,890,,,
,,,QAC,891,,,
,,,QAC,1100,,,
,,,QAC,1254,,,
,,,QAC,1255,,,
,,,QAC,1271,,,
,,,QAC,1272,,,
,,,QAC,1277,,,
,,,QAC,1278,,,
,,,QAC,1279,,,
,,,QAC,1280,Rule-7.3,,
,,,QAC,1281,Rule-7.2,,
,,,QAC,1304,,,
,,,QAC,1310,,,
,,,QAC,1317,,,
,,,QAC,1323,,,
,,,QAC,1325,,,
,,,QAC,1330,Rule-8.3,,
,,,QAC,1334,,,
,,,QAC,1335,Rule-8.2,,
,,,QAC,1336,Rule-8.2,,
,,,QAC,1337,Rule-17.1,,
,,,QAC,1461,,,
,,,QAC,1475,,,
,,,QAC,1476,,,
,,,QAC,1477,,,
,,,QAC,1478,,,
,,,QAC,1690,,,
,,,QAC,1691,,,
,,,QAC,2000,,,
,,,QAC,2001,Rule-15.1,,
,,,QAC,2002,Rule-16.4,,
,,,QAC,2003,Rule-16.3,,
,,,QAC,2004,Rule-15.7,,
,,,QAC,2007,,,
,,,QAC,2009,,,
,,,QAC,2011,,,
,,,QAC,2014,,,
,,,QAC,2015,,,
,,,QAC,2016,Rule-16.4,,
,,,QAC,2017,,,
,,,QAC,2020,Rule-16.3,,
,,,QAC,2022,,,
,,,QAC,2050,Rule-8.1,,
,,,QAC,2051,Rule-8.1,,
,,,QAC,2200,Dir-5.2,,
,,,QAC,2201,,,
,,,QAC,2203,Dir-5.2,,
,,,QAC,2204,Dir-5.2,,
,,,QAC,2205,Dir-5.3,,
,,,QAC,2207,,,
,,,QAC,2208,,,
,,,QAC,2209,Dir-5.2,,
,,,QAC,2210,Rule-4.3,,
,,,QAC,2211,,,
,,,QAC,2212,Rule-15.6,,
,,,QAC,2213,,,
,,,QAC,2214,Rule-15.6,,
,,,QAC,2215,,,
,,,QAC,2216,,,
,,,QAC,2217,,,
,,,QAC,2218,Rule-15.6,,
,,,QAC,2219,Rule-15.6,,
,,,QAC,2461,Rule-14.2,,
,,,QAC,2462,Rule-14.2,,
,,,QAC,2463,Rule-14.2,,
,,,QAC,2464,Rule-14.2,,
,,,QAC,2467,Rule-14.2,,
,,,QAC,2468,Rule-14.2,,
,,,QAC,2469,Rule-14.2,,
,,,QAC,2470,,,
,,,QAC,2471,Rule-14.2,,
,,,QAC,2472,Rule-14.2,,
,,,QAC,2476,Rule-14.2,,
,,,QAC,2477,Rule-14.2,,
,,,QAC,2481,,,
,,,QAC,2487,,,
,,,QAC,2488,,,
,,,QAC,2980,Rule-2.2,,
,,,QAC,2981,Rule-2.2,,
,,,QAC,2982,Rule-2.2,,
,,,QAC,2983,Rule-2.2,,
,,,QAC,2984,,,
,,,QAC,2985,Rule-2.2,,
,,,QAC,2986,Rule-2.2,,
,,,QAC,3001,Rule-8.2,,
,,,QAC,3004,Rule-11.9,,
,,,QAC,3006,Dir-4.3,,
,,,QAC,3007,Rule-8.2,,
,,,QAC,3008,Dir-4.3,,
,,,QAC,3106,,,
,,,QAC,3108,Rule-3.1,,
,,,QAC,3109,,,
,,,QAC,3115,Rule-20.13,,
,,,QAC,3116,Dir-1.1,,
,,,QAC,3117,,,
,,,QAC,3118,,,
,,,QAC,3120,,,
,,,QAC,3121,,,
,,,QAC,3122,,,
,,,QAC,3123,,,
,,,QAC,3131,,,
,,,QAC,3132,,,
,,,QAC,3138,,,
,,,QAC,3139,,,
,,,QAC,3140,,,
,,,QAC,3141,,,
,,,QAC,3200,Dir-4.7|Rule-17.7,,
,,,QAC,3202,Rule-2.6,,
,,,QAC,3204,,,
,,,QAC,3205,Rule-2.3,,
,,,QAC,3206,Rule-2.7,,
,,,QAC,3207,,,
,,,QAC,3208,,,
,,,QAC,3209,,,
,,,QAC,3210,,,
,,,QAC,3211,,,
,,,QAC,3216,,,
,,,QAC,3218,Rule-8.9,,
,,,QAC,3219,Rule-2.1,,
,,,QAC,3220,,,
,,,QAC,3221,,,
,,,QAC,3222,,,
,,,QAC,3223,,,
,,,QAC,3224,Rule-8.8,,
,,,QAC,3227,,,
,,,QAC,3228,,,
,,,QAC,3231,,,
,,,QAC,3232,,,
,,,QAC,3233,,,
,,,QAC,3240,Rule-8.10,,
,,,QAC,3243,Rule-8.10,,
,,,QAC,3260,Rule-18.5,,
,,,QAC,3261,Rule-18.5,,
,,,QAC,3262,Rule-18.5,,
,,,QAC,3263,Rule-18.5,,
,,,QAC,3307,Rule-13.6,,
,,,QAC,3308,,,
,,,QAC,3311,Rule-1.3,,
,,,QAC,3312,Rule-1.3,,
,,,QAC,3313,,,
,,,QAC,3314,,,
,,,QAC,3330,,,
,,,QAC,3331,Rule-8.4,,
,,,QAC,3333,,,
,,,QAC,3339,Rule-14.1,,
,,,QAC,3340,Rule-14.1,,
,,,QAC,3342,Rule-14.1,,
,,,QAC,3344,Rule-14.4,,
,,,QAC,3345,,,
,,,QAC,3389,Rule-12.1,,
,,,QAC,3391,Rule-12.1,,
,,,QAC,3392,Rule-12.1,,
,,,QAC,3393,,,
,,,QAC,3394,Rule-12.1,,
,,,QAC,3395,Rule-12.1,,
,,,QAC,3396,Rule-12.1,,
,,,QAC,3397,Rule-12.1,,
,,,QAC,3398,,,
,,,QAC,3399,,,
,,,QAC,3400,,,
,,,QAC,3402,Rule-15.6,,
,,,QAC,3403,,,
,,,QAC,3408,Rule-8.4,,
,,,QAC,3409,,,
,,,QAC,3410,,,
,,,QAC,3411,,,
,,,QAC,3412,,,
,,,QAC,3413,,,
,,,QAC,3414,,,
,,,QAC,3415,Rule-13.5,,
,,,QAC,3416,,,
,,,QAC,3419,,,
,,,QAC,3420,,,
,,,QAC,3428,,,
,,,QAC,3429,,,
,,,QAC,3430,Rule-20.7,,
,,,QAC,3431,,,
,,,QAC,3432,Rule-20.7,,
,,,QAC,3439,Rule-20.4,,
,,,QAC,3441,,,
,,,QAC,3442,,,
,,,QAC,3443,,,
,,,QAC,3446,,,
,,,QAC,3447,,,
,,,QAC,3448,,,
,,,QAC,3450,,,
,,,QAC,3451,Rule-8.5,,
,,,QAC,3452,,,
,,,QAC,3453,,,
,,,QAC,3454,,,
,,,QAC,3455,,,
,,,QAC,3456,,,
,,,QAC,3457,,,
,,,QAC,3458,,,
,,,QAC,3459,,,
,,,QAC,3460,,,
,,,QAC,3461,,,
,,,QAC,3468,Rule-20.4,,
,,,QAC,3470,,,
,,,QAC,3501,,,
,,,QAC,3601,Rule-4.2,,
,,,QAC,3607,,,
,,,QAC,3610,,,
,,,QAC,3613,,,
,,,QAC,3616,,,
,,,QAC,3625,,,
,,,QAC,3626,,,
,,,QAC,3627,,,
,,,QAC,3628,,,
,,,QAC,3629,,,
,,,QAC,3631,,,
,,,QAC,3632,,,
,,,QAC,3633,,,
,,,QAC,3635,,,
,,,QAC,3671,,,
,,,QAC,3672,,,
,,,QAC,3673,Rule-8.13,,
,,,QAC,3675,Rule-8.3,,
,,,QAC,3677,Rule-8.13,,
,,,QAC,4139,,,
,,,QAC,4150,,,
,,,QAC,4151,,,
,,,QAC,4152,,,
,,,QAC,4153,,,
,,,QAC,4600,Rule-21.1,,
,,,QAC,4601,Rule-21.1,,
,,,QAC,4602,Rule-21.2,,
,,,QAC,4603,Rule-21.2,,
,,,QAC,4604,Rule-21.2,,
,,,QAC,4605,Rule-21.2,,
,,,QAC,4606,Rule-21.2,,
,,,QAC,4607,Rule-21.2,,
,,,QAC,4608,Rule-21.2,,
,,,QAC,4620,Rule-21.1,,
,,,QAC,4621,Rule-21.1,,
,,,QAC,4622,,,
,,,QAC,4623,,,
,,,QAC,4624,,,
,,,QAC,4640,,,
,,,QAC,4641,,,
,,,QAC,4642,,,
,,,QAC,4643,,,
,,,QAC,4644,,,
,,,QAC,4645,,,
CWE-413,591,667,QAC,,,Not Mapped,Not Mapped
CWE-456,,"665,909",QAC,2966,,ERR30-C,
,,,QAC,2967,,,
,,,QAC,2968,,,
,,,QAC,2971,Rule-9.1,,
,,,QAC,2972,Rule-9.1,,
,,,QAC,2973,,,
,,,QAC,2976,,,
,,,QAC,2977,,,
,,,QAC,2978,,,
CWE-457,,"908,665",QAC,2961,Rule-9.1,Not Mapped,Not Mapped
,,,QAC,2962,Rule-9.1,,
,,,QAC,2963,,,
CWE-466,,"119,20",QAC,2840,Rule-21.18|Rule-1.3|Rule-18.1,Not Mapped,Not Mapped
,,,QAC,2841,Rule-21.18|Rule-18.1|Dir-4.1,,
,,,QAC,2842,Rule-21.18|Rule-18.1|Dir-4.1,,
,,,QAC,2843,,,
,,,QAC,2844,,,
,,,QAC,2935,Rule-21.17|Rule-21.18|Rule-1.3|Rule-18.1,,
,,,QAC,2936,Rule-21.17|Rule-21.18|Rule-18.1|Dir-4.1,,
,,,QAC,2937,Rule-21.17|Rule-21.18|Rule-18.1|Dir-4.1,,
,,,QAC,2938,,,
,,,QAC,2939,,,
CWE-467,,682,QAC,696,,"ARR01-C,MEM35-C",
CWE-468,,682,QAC,310,Rule-11.3,"ARR39-C,EXP08-C",
,,,QAC,489,,,
,,,QAC,751,,,
,,,QAC,2820,Rule-1.3,,
,,,QAC,2821,Dir-4.1,,
,,,QAC,2822,Dir-4.1,,
,,,QAC,2823,,,
,,,QAC,2824,,,
CWE-469,,682,QAC,487,Rule-1.1,ARR36-C,
,,,QAC,2668,Rule-18.2,,
,,,QAC,2669,Rule-18.3,,
,,,QAC,2761,Rule-18.2,,
,,,QAC,2762,Rule-18.2,,
,,,QAC,2763,,,
,,,QAC,2766,Rule-18.2,,
,,,QAC,2767,Rule-18.2,,
,,,QAC,2768,,,
,,,QAC,2771,Rule-18.3,,
,,,QAC,2772,Rule-18.3,,
,,,QAC,2773,,,
,,,QAC,2930,Rule-18.1,,
,,,QAC,2931,Rule-18.1,,
,,,QAC,2932,Rule-18.1,,
,,,QAC,2933,,,
,,,QAC,2934,,,
CWE-474,589,758,QAC,4604,Rule-21.2,Not Mapped,Not Mapped
CWE-475,,573,CWECCM,,,Not Mapped,Not Mapped
CWE-476,690,"754,710",QAC,2810,Rule-1.3,EXP34-C,
,,,QAC,2811,Dir-4.1,,
,,,QAC,2812,Dir-4.1,,
,,,QAC,2813,,,
,,,QAC,2814,,,
,,,QAC,2820,Rule-1.3,,
,,,QAC,2821,Dir-4.1,,
,,,QAC,2822,Dir-4.1,,
,,,QAC,2823,,,
,,,QAC,2824,,,
CWE-478,,1023,QAC,2002,Rule-16.4,Not Mapped,Not Mapped
CWE-479,,"663,828",CWECCM,,,"SIG30-C,SIG34-C",
CWE-480,"482,481,597",670,QAC,3112,Rule-2.2,"EXP45-C,EXP46-C",Wrong classification by Addendum3: https://www.misra.org.uk/forum/viewtopic.php?f=56&t=1727
,,,QAC,3314,,,
,,,QAC,3344,Rule-14.4,,
CWE-481,,480,QAC,3314,,EXP45-C,
,,,QAC,3326,Rule-13.4,,
,,,QAC,3344,Rule-14.4,,
CWE-482,,480,QAC,3112,Rule-2.2,Not Mapped,Not Mapped
CWE-483,,670,QAC,2212,Rule-15.6,Not Mapped,Not Mapped
,,,QAC,2214,Rule-15.6,,
,,,QAC,2218,Rule-15.6,,
,,,QAC,2219,Rule-15.6,,
CWE-484,,"670,710",QAC,2003,Rule-16.3,Not Mapped,Not Mapped
,,,QAC,2020,Rule-16.3,,
CWE-489,11,710,CWECCM,,,Not Mapped,Not Mapped
CWE-547,,1078,QAC,3120,,Not Mapped,Not Mapped
,,,QAC,3121,,,
,,,QAC,3122,,,
,,,QAC,3131,,,
,,,QAC,3132,,,
CWE-558,,663,CWECCM,,,Not Mapped,Not Mapped
CWE-560,,687,CWECCM,,,Not Mapped,Not Mapped
CWE-561,,1164,QAC,2980,Rule-2.2,Not Mapped,Not Mapped
,,,QAC,2981,Rule-2.2,,
,,,QAC,2982,Rule-2.2,,
,,,QAC,2983,Rule-2.2,,
,,,QAC,2984,,,
,,,QAC,2985,Rule-2.2,,
,,,QAC,2986,Rule-2.2,,
,,,QAC,2995,Rule-2.2,,
,,,QAC,2996,Rule-2.2,,
,,,QAC,3110,Rule-2.2,,
,,,QAC,3112,Rule-2.2,,
,,,QAC,3425,Rule-2.2,,
,,,QAC,3426,Rule-2.2,,
,,,QAC,3427,Rule-2.2,,
CWE-562,,758,QAC,3217,Rule-18.6,"DCL30-C,POS34-C",no POSIX operating system
,,,QAC,3225,Rule-18.6,,
,,,QAC,3230,Rule-18.6,,
,,,QAC,4140,Rule-18.6,,
CWE-563,,1164,QAC,2980,Rule-2.2,Not Mapped,Not Mapped
,,,QAC,2981,Rule-2.2,,
,,,QAC,2982,Rule-2.2,,
,,,QAC,2983,Rule-2.2,,
,,,QAC,3206,Rule-2.7,,
,,,QAC,3207,,,
,,,QAC,3229,,,
CWE-570,,710,QAC,2742,Rule-14.3,Not Mapped,Not Mapped
,,,QAC,2743,,,
,,,QAC,2744,Rule-2.1,,
CWE-571,,710,QAC,2740,,Not Mapped,Not Mapped
,,,QAC,2741,Rule-14.3,,
CWE-587,,"344,758",QAC,674,Rule-1.1,INT36-C,
CWE-588,,"704,758",QAC,308,Rule-11.2,Not Mapped,Not Mapped
,,,QAC,310,Rule-11.3,,
,,,QAC,751,,,
CWE-596,785,1177,QAC,513,Rule-1.1,Not Mapped,Not Mapped
,,,QAC,514,Rule-1.1,,
,,,QAC,515,Rule-1.1,,
CWE-597,,"595,480",QAC,3407,,Not Mapped,Not Mapped
CWE-606,,1284,QAC,,,Not Mapped,Not Mapped
CWE-628,"686,688,685,687,683",573,QAC,184,Rule-1.3,"DCL10-C,EXP37-C",
,,,QAC,185,Rule-1.3,,
,,,QAC,1331,Rule-1.3,,
,,,QAC,1332,Rule-1.3,,
,,,QAC,1333,Rule-1.3,,
,,,QAC,3002,Rule-8.2,,
,,,QAC,3320,Rule-1.3,,
,,,QAC,3335,Rule-17.3,,
CWE-665,"1052,1051,1188,1271,770,456,1279,908,909,455,457,454,1221",664,QAC,351,,Not Mapped,Not Mapped
,,,QAC,620,Rule-1.1,,
,,,QAC,621,Rule-1.1,,
,,,QAC,671,Rule-1.1,,
,,,QAC,672,Rule-1.3,,
,,,QAC,673,Rule-1.1,,
,,,QAC,674,Rule-1.1,,
,,,QAC,675,Rule-1.1,,
,,,QAC,682,Rule-1.1,,
,,,QAC,683,Rule-1.1,,
,,,QAC,684,Rule-1.1,,
,,,QAC,685,Rule-1.1,,
,,,QAC,686,Rule-9.3,,
,,,QAC,687,,,
,,,QAC,688,,,
,,,QAC,689,,,
,,,QAC,690,Rule-1.1,,
,,,QAC,691,Rule-9.3,,
,,,QAC,692,,,
,,,QAC,693,Rule-9.2,,
,,,QAC,694,Rule-9.2,,
,,,QAC,698,Rule-1.1,,
,,,QAC,699,Rule-1.1,,
,,,QAC,703,,,
,,,QAC,704,,,
,,,QAC,722,,,
,,,QAC,723,,,
,,,QAC,3604,,,
CWE-670,"483,783,480,698,617,484",691,QAC,2870,,Not Mapped,Not Mapped
,,,QAC,2871,Dir-4.1,,
,,,QAC,2872,Dir-4.1,,
,,,QAC,2877,Dir-4.1,,
,,,QAC,2880,Rule-2.1,,
,,,QAC,2881,,,
,,,QAC,2882,Rule-2.1,,
,,,QAC,2883,Rule-9.1,,
,,,QAC,3309,,,
,,,QAC,3315,Rule-16.6,,
CWE-676,785,1177,CWECCM,,,"CON33-C,ENV33-C,ERR07-C,ERR34-C,FIO01-C,MSC30-C,STR31-C",Standard-library headers not used|Standard-library headers not used|Standard-library headers not used; Separate hardware used
CWE-681,"197,192,195,196,194",704,QAC,499,Rule-12.2,"FLP34-C,INT15-C,INT31-C,INT35-C",Used processors/compilers avoid addressed problem
,,,QAC,1296,Rule-10.3,,
,,,QAC,1297,Rule-10.3,,
,,,QAC,1802,Rule-10.4,,
,,,QAC,1803,Rule-10.4,,
,,,QAC,1804,Rule-10.4,,
,,,QAC,1810,Rule-10.2,,
,,,QAC,1811,Rule-10.2,,
,,,QAC,1812,Rule-10.2,,
,,,QAC,1813,Rule-10.2,,
,,,QAC,1820,Rule-10.4,,
,,,QAC,1821,Rule-10.4,,
,,,QAC,1822,Rule-10.4,,
,,,QAC,1823,Rule-10.4,,
,,,QAC,1824,Rule-10.4,,
,,,QAC,1830,Rule-10.4,,
,,,QAC,1831,Rule-10.4,,
,,,QAC,1832,Rule-10.4,,
,,,QAC,1833,Rule-10.4,,
,,,QAC,1834,Rule-10.4,,
,,,QAC,2850,Rule-10.3|Dir-1.1,,
,,,QAC,2851,Dir-1.1,,
,,,QAC,2852,Dir-1.1,,
,,,QAC,2853,,,
,,,QAC,2855,Dir-1.1,,
,,,QAC,2856,Dir-1.1,,
,,,QAC,2857,Dir-1.1,,
,,,QAC,2858,,,
,,,QAC,2890,Rule-10.3,,
,,,QAC,2891,,,
,,,QAC,2892,,,
,,,QAC,2893,,,
,,,QAC,2895,Dir-1.1,,
,,,QAC,2896,Dir-1.1,,
,,,QAC,2897,Dir-1.1,,
,,,QAC,2898,,,
,,,QAC,2900,Rule-10.3,,
,,,QAC,2901,,,
,,,QAC,2902,,,
,,,QAC,2903,,,
,,,QAC,2905,,,
,,,QAC,2906,,,
,,,QAC,2907,,,
,,,QAC,2908,,,
,,,QAC,2940,,,
,,,QAC,2941,,,
,,,QAC,2942,,,
,,,QAC,2943,,,
,,,QAC,2945,,,
,,,QAC,2946,,,
,,,QAC,2947,,,
,,,QAC,2948,,,
,,,QAC,3101,Rule-10.1,,
,,,QAC,3102,Rule-10.1,,
,,,QAC,3322,,,
,,,QAC,3326,Rule-13.4,,
,,,QAC,3328,,,
,,,QAC,3341,,,
,,,QAC,3343,,,
,,,QAC,3377,,,
,,,QAC,3611,,,
,,,QAC,3612,,,
,,,QAC,4117,,,
,,,QAC,4118,,,
,,,QAC,4119,,,
,,,QAC,4301,Rule-10.5,,
,,,QAC,4305,Rule-10.5,,
,,,QAC,4310,Rule-10.5,,
,,,QAC,4312,Rule-10.5,,
,,,QAC,4315,Rule-10.5,,
,,,QAC,4350,Rule-10.5,,
,,,QAC,4351,Rule-10.5,,
,,,QAC,4352,Rule-10.5,,
,,,QAC,4401,Rule-10.3,,
,,,QAC,4402,Rule-10.3,,
,,,QAC,4403,Rule-10.3,,
,,,QAC,4404,Rule-10.3,,
,,,QAC,4405,Rule-10.3,,
,,,QAC,4410,Rule-10.3,,
,,,QAC,4412,Rule-10.3,,
,,,QAC,4415,Rule-10.3,,
,,,QAC,4420,Rule-10.3,,
,,,QAC,4421,Rule-10.3,,
,,,QAC,4422,Rule-10.3,,
,,,QAC,4425,Rule-10.3,,
,,,QAC,4430,Rule-10.3,,
,,,QAC,4432,Rule-10.3,,
,,,QAC,4434,Rule-10.3,,
,,,QAC,4440,Rule-10.3,,
,,,QAC,4442,Rule-10.3,,
,,,QAC,4450,Rule-10.3,,
,,,QAC,4451,Rule-10.3,,
,,,QAC,4452,Rule-10.3,,
,,,QAC,4453,Rule-10.3,,
,,,QAC,4454,Rule-10.3,,
,,,QAC,4460,Rule-10.3,,
,,,QAC,4461,Rule-10.3,,
,,,QAC,4462,Rule-10.3,,
,,,QAC,4500,Rule-10.1,,
,,,QAC,4501,Rule-10.1,,
,,,QAC,4502,Rule-10.1,,
,,,QAC,4503,Rule-10.1,,
,,,QAC,4504,Rule-10.1,,
,,,QAC,4505,Rule-10.1,,
,,,QAC,4507,Rule-10.1,,
,,,QAC,4510,Rule-10.1,,
,,,QAC,4511,Rule-10.1,,
,,,QAC,4512,Rule-10.1,,
,,,QAC,4513,Rule-10.1,,
,,,QAC,4514,Rule-10.1,,
,,,QAC,4532,Rule-10.1,,
,,,QAC,4533,Rule-10.1,,
,,,QAC,4580,,,
,,,QAC,4581,,,
,,,QAC,4582,,,
,,,QAC,4583,,,
,,,QAC,4584,,,
,,,QAC,4585,,,
,,,QAC,4586,,,
,,,QAC,4587,,,
CWE-682,"369,1335,193,128,135,1339,469,467,191,190,468,131",,QAC,160,Rule-1.3,"FLP32-C,INT07-C,INT13-C,INT33-C,INT34-C",
,,,QAC,161,Rule-1.3,,
,,,QAC,162,Rule-1.3,,
,,,QAC,163,Rule-1.3,,
,,,QAC,164,Rule-1.3,,
,,,QAC,165,Rule-1.3,,
,,,QAC,166,Rule-1.3,,
,,,QAC,167,Rule-1.3,,
,,,QAC,168,Rule-1.3,,
,,,QAC,169,Rule-1.3,,
,,,QAC,170,Rule-1.3,,
,,,QAC,171,Rule-1.3,,
,,,QAC,172,Rule-1.3,,
,,,QAC,173,Rule-1.3,,
,,,QAC,174,Rule-1.3,,
,,,QAC,175,Rule-1.3,,
,,,QAC,176,Rule-1.3,,
,,,QAC,177,Rule-1.3,,
,,,QAC,178,Rule-1.3,,
,,,QAC,179,Rule-1.3,,
,,,QAC,184,Rule-1.3,,
,,,QAC,185,Rule-1.3,,
,,,QAC,186,Rule-1.3,,
,,,QAC,190,Rule-1.3,,
,,,QAC,191,Rule-1.3,,
,,,QAC,192,Rule-1.3,,
,,,QAC,193,Rule-1.3,,
,,,QAC,194,Rule-1.3,,
,,,QAC,195,Rule-1.3,,
,,,QAC,196,Rule-1.3,,
,,,QAC,197,Rule-1.3,,
,,,QAC,198,Rule-1.3,,
,,,QAC,199,Rule-1.3,,
,,,QAC,200,Rule-1.3,,
,,,QAC,201,Rule-1.3,,
,,,QAC,203,Rule-1.3,,
,,,QAC,204,Rule-1.3,,
,,,QAC,206,Rule-1.3,,
,,,QAC,207,Rule-1.3,,
,,,QAC,208,Rule-1.3,,
,,,QAC,235,Rule-1.3,,
,,,QAC,275,Rule-1.3,,
,,,QAC,304,Rule-1.3,,
,,,QAC,309,Rule-1.3,,
,,,QAC,337,Rule-1.3,,
,,,QAC,400,Rule-1.3|Rule-13.2,,
,,,QAC,401,Rule-1.3|Rule-13.2,,
,,,QAC,402,Rule-1.3|Rule-13.2,,
,,,QAC,403,Rule-1.3|Rule-13.2,,
,,,QAC,404,Rule-1.3|Rule-13.2,,
,,,QAC,405,Rule-1.3|Rule-13.2,,
,,,QAC,499,Rule-12.2,,
,,,QAC,543,Rule-1.3,,
,,,QAC,544,Rule-1.3,,
,,,QAC,545,Rule-1.3,,
,,,QAC,602,Rule-1.3|Rule-21.2,,
,,,QAC,623,Rule-1.3,,
,,,QAC,625,Rule-1.3,,
,,,QAC,626,Rule-1.3,,
,,,QAC,630,Rule-1.3|Rule-8.6,,
,,,QAC,632,Rule-1.3,,
,,,QAC,636,Rule-1.3,,
,,,QAC,654,Rule-1.3,,
,,,QAC,658,Rule-1.3,,
,,,QAC,661,Rule-1.3,,
,,,QAC,667,Rule-1.3,,
,,,QAC,668,Rule-1.3,,
,,,QAC,672,Rule-1.3,,
,,,QAC,706,Rule-1.3,,
,,,QAC,722,,,
,,,QAC,723,,,
,,,QAC,724,Rule-8.12,,
,,,QAC,745,Rule-17.4|Rule-1.3,,
,,,QAC,777,Rule-5.1,,
,,,QAC,779,Rule-5.2,,
,,,QAC,813,Rule-1.3|Rule-20.2,,
,,,QAC,814,Rule-1.3|Rule-20.2,,
,,,QAC,821,Rule-1.1|Rule-20.3,,
,,,QAC,836,Rule-1.3|Rule-21.1,,
,,,QAC,837,Rule-1.3,,
,,,QAC,848,Rule-1.3|Rule-21.1,,
,,,QAC,853,Rule-1.3|Rule-20.6,,
,,,QAC,854,Rule-1.3|Rule-21.1,,
,,,QAC,864,Rule-1.3,,
,,,QAC,865,Rule-1.3,,
,,,QAC,867,Rule-1.3,,
,,,QAC,872,Rule-1.3,,
,,,QAC,874,Rule-1.3,,
,,,QAC,885,Rule-1.3,,
,,,QAC,887,Rule-1.3,,
,,,QAC,888,Rule-1.3,,
,,,QAC,914,Rule-1.3,,
,,,QAC,915,Rule-1.3,,
,,,QAC,942,Rule-1.3,,
,,,QAC,1271,,,
,,,QAC,1317,,,
,,,QAC,1323,,,
,,,QAC,1461,,,
,,,QAC,1475,,,
,,,QAC,1476,,,
,,,QAC,1477,,,
,,,QAC,1478,,,
,,,QAC,1802,Rule-10.4,,
,,,QAC,1803,Rule-10.4,,
,,,QAC,1804,Rule-10.4,,
,,,QAC,1810,Rule-10.2,,
,,,QAC,1811,Rule-10.2,,
,,,QAC,1812,Rule-10.2,,
,,,QAC,1813,Rule-10.2,,
,,,QAC,1820,Rule-10.4,,
,,,QAC,1821,Rule-10.4,,
,,,QAC,1822,Rule-10.4,,
,,,QAC,1823,Rule-10.4,,
,,,QAC,1824,Rule-10.4,,
,,,QAC,1830,Rule-10.4,,
,,,QAC,1831,Rule-10.4,,
,,,QAC,1832,Rule-10.4,,
,,,QAC,1833,Rule-10.4,,
,,,QAC,1834,Rule-10.4,,
,,,QAC,2790,Rule-12.2,,
,,,QAC,2791,Rule-12.2|Dir-4.1,,
,,,QAC,2792,Rule-12.2|Dir-4.1,,
,,,QAC,2793,,,
,,,QAC,2860,Dir-1.1,,
,,,QAC,2861,Dir-1.1,,
,,,QAC,2862,Dir-1.1,,
,,,QAC,2863,,,
,,,QAC,2920,,,
,,,QAC,2921,,,
,,,QAC,2922,,,
,,,QAC,2923,,,
,,,QAC,3101,Rule-10.1,,
,,,QAC,3102,Rule-10.1,,
,,,QAC,3113,Rule-17.4|Rule-1.3,,
,,,QAC,3114,Rule-17.4|Rule-1.3,,
,,,QAC,3239,Rule-1.3,,
,,,QAC,3319,Rule-1.3,,
,,,QAC,3322,,,
,,,QAC,3326,Rule-13.4,,
,,,QAC,3328,,,
,,,QAC,3341,,,
,,,QAC,3343,,,
,,,QAC,3377,,,
,,,QAC,3438,Rule-1.3,,
,,,QAC,3611,,,
,,,QAC,3612,,,
,,,QAC,4117,,,
,,,QAC,4118,,,
,,,QAC,4119,,,
,,,QAC,4500,Rule-10.1,,
,,,QAC,4501,Rule-10.1,,
,,,QAC,4502,Rule-10.1,,
,,,QAC,4503,Rule-10.1,,
,,,QAC,4504,Rule-10.1,,
,,,QAC,4505,Rule-10.1,,
,,,QAC,4507,Rule-10.1,,
,,,QAC,4510,Rule-10.1,,
,,,QAC,4511,Rule-10.1,,
,,,QAC,4512,Rule-10.1,,
,,,QAC,4513,Rule-10.1,,
,,,QAC,4514,Rule-10.1,,
,,,QAC,4532,Rule-10.1,,
,,,QAC,4533,Rule-10.1,,
,,,QAC,4580,,,
,,,QAC,4581,,,
,,,QAC,4582,,,
,,,QAC,4583,,,
,,,QAC,4584,,,
,,,QAC,4585,,,
,,,QAC,4586,,,
,,,QAC,4587,,,
CWE-685,,628,QAC,184,Rule-1.3,"EXP37-C,FIO47-C",
,,,QAC,185,Rule-1.3,,
,,,QAC,186,Rule-1.3,,
CWE-686,,628,QAC,179,Rule-1.3,"EXP37-C,FIO47-C,POS34-C,STR37-C",no POSIX operating system
,,,QAC,206,Rule-1.3,,
,,,QAC,429,Rule-1.1,,
,,,QAC,430,Rule-1.1,,
,,,QAC,431,Rule-1.1,,
,,,QAC,432,Rule-1.1,,
,,,QAC,541,Rule-1.1,,
,,,QAC,752,Rule-7.4,,
,,,QAC,1331,Rule-1.3,,
,,,QAC,1332,Rule-1.3,,
,,,QAC,1333,Rule-1.3,,
,,,QAC,1401,,,
,,,QAC,1411,,,
,,,QAC,1421,,,
,,,QAC,1431,,,
,,,QAC,1441,,,
,,,QAC,3320,Rule-1.3,,
,,,QAC,4413,Rule-10.3,,
,,,QAC,4414,Rule-10.3,,
CWE-697,"581,1023,1077,1025,185,183,1254,1024,1039",,QAC,493,Rule-1.1,Not Mapped,Not Mapped
,,,QAC,494,Rule-1.1,,
,,,QAC,513,Rule-1.1,,
,,,QAC,514,Rule-1.1,,
,,,QAC,515,Rule-1.1,,
,,,QAC,1802,Rule-10.4,,
,,,QAC,1803,Rule-10.4,,
,,,QAC,1804,Rule-10.4,,
,,,QAC,1822,Rule-10.4,,
,,,QAC,1823,Rule-10.4,,
,,,QAC,1824,Rule-10.4,,
,,,QAC,1832,Rule-10.4,,
,,,QAC,1833,Rule-10.4,,
,,,QAC,1834,Rule-10.4,,
CWE-704,"681,588,843",664,QAC,1258,,"EXP05-C,EXP39-C,INT31-C,INT36-C,STR34-C,STR37-C",
,,,QAC,1259,,,
,,,QAC,1267,,,
,,,QAC,1268,,,
,,,QAC,1269,,,
,,,QAC,2850,Rule-10.3|Dir-1.1,,
,,,QAC,2851,Dir-1.1,,
,,,QAC,2852,Dir-1.1,,
,,,QAC,2853,,,
,,,QAC,2855,Dir-1.1,,
,,,QAC,2856,Dir-1.1,,
,,,QAC,2857,Dir-1.1,,
,,,QAC,2858,,,
,,,QAC,2890,Rule-10.3,,
,,,QAC,2891,,,
,,,QAC,2892,,,
,,,QAC,2893,,,
,,,QAC,2895,Dir-1.1,,
,,,QAC,2896,Dir-1.1,,
,,,QAC,2897,Dir-1.1,,
,,,QAC,2898,,,
,,,QAC,2900,Rule-10.3,,
,,,QAC,2901,,,
,,,QAC,2902,,,
,,,QAC,2903,,,
,,,QAC,2905,,,
,,,QAC,2906,,,
,,,QAC,2907,,,
,,,QAC,2908,,,
,,,QAC,2940,,,
,,,QAC,2941,,,
,,,QAC,2942,,,
,,,QAC,2943,,,
,,,QAC,2945,,,
,,,QAC,2946,,,
,,,QAC,2947,,,
,,,QAC,2948,,,
,,,QAC,4301,Rule-10.5,,
,,,QAC,4302,Rule-10.5,,
,,,QAC,4303,Rule-10.5,,
,,,QAC,4304,Rule-10.5,,
,,,QAC,4305,Rule-10.5,,
,,,QAC,4310,Rule-10.5,,
,,,QAC,4312,Rule-10.5,,
,,,QAC,4315,Rule-10.5,,
,,,QAC,4320,Rule-10.5,,
,,,QAC,4322,Rule-10.5,,
,,,QAC,4325,,,
,,,QAC,4330,Rule-10.5,,
,,,QAC,4332,Rule-10.5,,
,,,QAC,4340,Rule-10.5,,
,,,QAC,4342,Rule-10.5,,
,,,QAC,4350,Rule-10.5,,
,,,QAC,4351,Rule-10.5,,
,,,QAC,4352,Rule-10.5,,
,,,QAC,4397,,,
,,,QAC,4398,Rule-10.8,,
,,,QAC,4399,Rule-10.8,,
CWE-705,"248,397,395,584,396,382,698,455",691,QAC,2001,Rule-15.1,"ENV32-C,ERR04-C",
CWE-758,"1038,1103,474,588,1105,587,1102,562",710,QAC,40,Dir-2.2,"ARR32-C,ERR34-C,EXP30-C,EXP33-C,FIO46-C,INT34-C,INT36-C,MEM30-C,MSC14-C,MSC15-C,MSC37-C",Standard-library headers not used
,,,QAC,160,Rule-1.3,,
,,,QAC,161,Rule-1.3,,
,,,QAC,162,Rule-1.3,,
,,,QAC,163,Rule-1.3,,
,,,QAC,164,Rule-1.3,,
,,,QAC,165,Rule-1.3,,
,,,QAC,166,Rule-1.3,,
,,,QAC,167,Rule-1.3,,
,,,QAC,168,Rule-1.3,,
,,,QAC,169,Rule-1.3,,
,,,QAC,170,Rule-1.3,,
,,,QAC,171,Rule-1.3,,
,,,QAC,172,Rule-1.3,,
,,,QAC,173,Rule-1.3,,
,,,QAC,174,Rule-1.3,,
,,,QAC,175,Rule-1.3,,
,,,QAC,176,Rule-1.3,,
,,,QAC,177,Rule-1.3,,
,,,QAC,178,Rule-1.3,,
,,,QAC,179,Rule-1.3,,
,,,QAC,184,Rule-1.3,,
,,,QAC,185,Rule-1.3,,
,,,QAC,186,Rule-1.3,,
,,,QAC,190,Rule-1.3,,
,,,QAC,191,Rule-1.3,,
,,,QAC,192,Rule-1.3,,
,,,QAC,193,Rule-1.3,,
,,,QAC,194,Rule-1.3,,
,,,QAC,195,Rule-1.3,,
,,,QAC,196,Rule-1.3,,
,,,QAC,197,Rule-1.3,,
,,,QAC,198,Rule-1.3,,
,,,QAC,199,Rule-1.3,,
,,,QAC,200,Rule-1.3,,
,,,QAC,201,Rule-1.3,,
,,,QAC,202,Dir-1.1,,
,,,QAC,203,Rule-1.3,,
,,,QAC,204,Rule-1.3,,
,,,QAC,206,Rule-1.3,,
,,,QAC,207,Rule-1.3,,
,,,QAC,208,Rule-1.3,,
,,,QAC,235,Rule-1.3,,
,,,QAC,275,Rule-1.3,,
,,,QAC,284,Dir-1.1,,
,,,QAC,285,Dir-1.1,,
,,,QAC,286,Dir-1.1,,
,,,QAC,287,Dir-1.1,,
,,,QAC,288,Dir-1.1,,
,,,QAC,289,Dir-1.1,,
,,,QAC,292,Dir-1.1,,
,,,QAC,299,Dir-1.1,,
,,,QAC,301,Rule-1.3|Rule-11.7,,
,,,QAC,302,Rule-1.3|Rule-11.1,,
,,,QAC,304,Rule-1.3,,
,,,QAC,307,Rule-1.3|Rule-11.1,,
,,,QAC,309,Rule-1.3,,
,,,QAC,323,Rule-1.1|Rule-11.2,,
,,,QAC,327,Rule-1.1|Rule-11.6,,
,,,QAC,337,Rule-1.3,,
,,,QAC,400,Rule-1.3|Rule-13.2,,
,,,QAC,401,Rule-1.3|Rule-13.2,,
,,,QAC,402,Rule-1.3|Rule-13.2,,
,,,QAC,403,Rule-1.3|Rule-13.2,,
,,,QAC,404,Rule-1.3|Rule-13.2,,
,,,QAC,405,Rule-1.3|Rule-13.2,,
,,,QAC,475,Rule-1.3,,
,,,QAC,543,Rule-1.3,,
,,,QAC,544,Rule-1.3,,
,,,QAC,545,Rule-1.3,,
,,,QAC,581,Dir-1.1,,
,,,QAC,602,Rule-1.3|Rule-21.2,,
,,,QAC,623,Rule-1.3,,
,,,QAC,625,Rule-1.3,,
,,,QAC,626,Rule-1.3,,
,,,QAC,630,Rule-1.3|Rule-8.6,,
,,,QAC,632,Rule-1.3,,
,,,QAC,634,Rule-6.1|Dir-1.1,,
,,,QAC,636,Rule-1.3,,
,,,QAC,654,Rule-1.3,,
,,,QAC,658,Rule-1.3,,
,,,QAC,661,Rule-1.3,,
,,,QAC,667,Rule-1.3,,
,,,QAC,668,Rule-1.3,,
,,,QAC,672,Rule-1.3,,
,,,QAC,676,Rule-1.3,,
,,,QAC,678,Rule-1.3,,
,,,QAC,680,Rule-1.3,,
,,,QAC,706,Rule-1.3,,
,,,QAC,745,Rule-17.4|Rule-1.3,,
,,,QAC,777,Rule-5.1,,
,,,QAC,779,Rule-5.2,,
,,,QAC,813,Rule-1.3|Rule-20.2,,
,,,QAC,814,Rule-1.3|Rule-20.2,,
,,,QAC,821,Rule-1.1|Rule-20.3,,
,,,QAC,836,Rule-1.3|Rule-21.1,,
,,,QAC,837,Rule-1.3,,
,,,QAC,848,Rule-1.3|Rule-21.1,,
,,,QAC,853,Rule-1.3|Rule-20.6,,
,,,QAC,854,Rule-1.3|Rule-21.1,,
,,,QAC,864,Rule-1.3,,
,,,QAC,865,Rule-1.3,,
,,,QAC,867,Rule-1.3,,
,,,QAC,872,Rule-1.3,,
,,,QAC,874,Rule-1.3,,
,,,QAC,885,Rule-1.3,,
,,,QAC,887,Rule-1.3,,
,,,QAC,888,Rule-1.3,,
,,,QAC,914,Rule-1.3,,
,,,QAC,915,Rule-1.3,,
,,,QAC,942,Rule-1.3,,
,,,QAC,1434,,,
,,,QAC,3113,Rule-17.4|Rule-1.3,,
,,,QAC,3114,Rule-17.4|Rule-1.3,,
,,,QAC,3239,Rule-1.3,,
,,,QAC,3311,Rule-1.3,,
,,,QAC,3312,Rule-1.3,,
,,,QAC,3319,Rule-1.3,,
,,,QAC,3437,Rule-1.3,,
,,,QAC,3438,Rule-1.3,,
CWE-768,,691,QAC,3415,Rule-13.5,Not Mapped,Not Mapped
CWE-783,,670,QAC,3389,Rule-12.1,Not Mapped,Not Mapped
,,,QAC,3390,,,
,,,QAC,3391,Rule-12.1,,
,,,QAC,3392,Rule-12.1,,
,,,QAC,3393,,,
,,,QAC,3394,Rule-12.1,,
,,,QAC,3395,Rule-12.1,,
,,,QAC,3396,Rule-12.1,,
,,,QAC,3397,Rule-12.1,,
,,,QAC,3398,,,
,,,QAC,3399,,,
,,,QAC,3400,,,
,,,QAC,3401,,,
CWE-785,,"676,20,120",QAC,,,Not Mapped,Not Mapped
CWE-786,"124,127",119,QAC,2840,Rule-21.18|Rule-1.3|Rule-18.1,ARR30-C,
,,,QAC,2841,Rule-21.18|Rule-18.1|Dir-4.1,,
,,,QAC,2842,Rule-21.18|Rule-18.1|Dir-4.1,,
,,,QAC,2843,,,
,,,QAC,2844,,,
,,,QAC,2935,Rule-21.17|Rule-21.18|Rule-1.3|Rule-18.1,,
,,,QAC,2936,Rule-21.17|Rule-21.18|Rule-18.1|Dir-4.1,,
,,,QAC,2937,Rule-21.17|Rule-21.18|Rule-18.1|Dir-4.1,,
,,,QAC,2938,,,
,,,QAC,2939,,,
CWE-787,"124,122,123,121",119,QAC,2840,Rule-21.18|Rule-1.3|Rule-18.1,Not Mapped,Not Mapped
,,,QAC,2841,Rule-21.18|Rule-18.1|Dir-4.1,,
,,,QAC,2842,Rule-21.18|Rule-18.1|Dir-4.1,,
,,,QAC,2843,,,
,,,QAC,2844,,,
,,,QAC,2935,Rule-21.17|Rule-21.18|Rule-1.3|Rule-18.1,,
,,,QAC,2936,Rule-21.17|Rule-21.18|Rule-18.1|Dir-4.1,,
,,,QAC,2937,Rule-21.17|Rule-21.18|Rule-18.1|Dir-4.1,,
,,,QAC,2938,,,
,,,QAC,2939,,,
CWE-788,"126,122,121",119,QAC,2840,Rule-21.18|Rule-1.3|Rule-18.1,Not Mapped,Not Mapped
,,,QAC,2841,Rule-21.18|Rule-18.1|Dir-4.1,,
,,,QAC,2842,Rule-21.18|Rule-18.1|Dir-4.1,,
,,,QAC,2843,,,
,,,QAC,2844,,,
,,,QAC,2935,Rule-21.17|Rule-21.18|Rule-1.3|Rule-18.1,,
,,,QAC,2936,Rule-21.17|Rule-21.18|Rule-18.1|Dir-4.1,,
,,,QAC,2937,Rule-21.17|Rule-21.18|Rule-18.1|Dir-4.1,,
,,,QAC,2938,,,
,,,QAC,2939,,,
CWE-805,806,119,QAC,2840,Rule-21.18|Rule-1.3|Rule-18.1,ARR38-C,
,,,QAC,2841,Rule-21.18|Rule-18.1|Dir-4.1,,
,,,QAC,2842,Rule-21.18|Rule-18.1|Dir-4.1,,
,,,QAC,2843,,,
,,,QAC,2844,,,
,,,QAC,2935,Rule-21.17|Rule-21.18|Rule-1.3|Rule-18.1,,
,,,QAC,2936,Rule-21.17|Rule-21.18|Rule-18.1|Dir-4.1,,
,,,QAC,2937,Rule-21.17|Rule-21.18|Rule-18.1|Dir-4.1,,
,,,QAC,2938,,,
,,,QAC,2939,,,
CWE-823,,119,QAC,2930,Rule-18.1,Not Mapped,Not Mapped
,,,QAC,2931,Rule-18.1,,
,,,QAC,2932,Rule-18.1,,
,,,QAC,2933,,,
,,,QAC,2934,,,
CWE-824,,119,QAC,2961,Rule-9.1,Not Mapped,Not Mapped
,,,QAC,2962,Rule-9.1,,
,,,QAC,2963,,,
CWE-835,,834,QAC,2870,,Not Mapped,Not Mapped
,,,QAC,2871,Dir-4.1,,
,,,QAC,2872,Dir-4.1,,
CWE-843,,704,QAC,750,Rule-19.2,EXP39-C,
,,,QAC,759,Rule-19.2,,
,,,QAC,2776,Rule-19.1,,
,,,QAC,2777,Rule-19.1,,
,,,QAC,2778,,,
CWE-908,457,665,QAC,621,Rule-1.1,EXP33-C,
,,,QAC,722,,,
,,,QAC,941,Rule-1.1,,
,,,QAC,2961,Rule-9.1,,
,,,QAC,2962,Rule-9.1,,
,,,QAC,2963,,,
,,,QAC,2966,,,
,,,QAC,2967,,,
,,,QAC,2968,,,
,,,QAC,2971,Rule-9.1,,
,,,QAC,2972,Rule-9.1,,
,,,QAC,2973,,,
,,,QAC,2976,,,
,,,QAC,2977,,,
,,,QAC,2978,,,
CWE-909,456,665,QAC,621,Rule-1.1,Not Mapped,Not Mapped
,,,QAC,722,,,
,,,QAC,941,Rule-1.1,,
CWE-136,,1164,QAC,570,Rule-10.3,Not Mapped,Not Mapped
,,,QAC,572,Rule-10.3,,
,,,QAC,1257,Rule-10.3,,
,,,QAC,1264,Rule-10.3,,
,,,QAC,1265,Rule-10.3,,
,,,QAC,1266,Rule-10.3,,
,,,QAC,1291,Rule-10.3,,
,,,QAC,1292,Rule-10.3,,
,,,QAC,1293,Rule-10.3,,
,,,QAC,1294,Rule-10.3,,
,,,QAC,1295,Rule-10.3,,
,,,QAC,1296,Rule-10.3,,
,,,QAC,1297,Rule-10.3,,
,,,QAC,1298,Rule-10.3,,
,,,QAC,1299,Rule-10.3,,
,,,QAC,1800,Rule-10.4,,
,,,QAC,1802,Rule-10.4,,
,,,QAC,1803,Rule-10.4,,
,,,QAC,1804,Rule-10.4,,
,,,QAC,1810,Rule-10.2,,
,,,QAC,1811,Rule-10.2,,
,,,QAC,1812,Rule-10.2,,
,,,QAC,1813,Rule-10.2,,
,,,QAC,1820,Rule-10.4,,
,,,QAC,1821,Rule-10.4,,
,,,QAC,1822,Rule-10.4,,
,,,QAC,1823,Rule-10.4,,
,,,QAC,1824,Rule-10.4,,
,,,QAC,1830,Rule-10.4,,
,,,QAC,1831,Rule-10.4,,
,,,QAC,1832,Rule-10.4,,
,,,QAC,1833,Rule-10.4,,
,,,QAC,1834,Rule-10.4,,
,,,QAC,1840,Rule-10.4,,
,,,QAC,1841,Rule-10.4,,
,,,QAC,1842,Rule-10.4,,
,,,QAC,1843,Rule-10.4,,
,,,QAC,1844,Rule-10.4,,
,,,QAC,1850,Rule-10.4,,
,,,QAC,1851,Rule-10.4,,
,,,QAC,1852,Rule-10.4,,
,,,QAC,1853,Rule-10.4,,
,,,QAC,1854,Rule-10.4,,
,,,QAC,1860,Rule-10.4,,
,,,QAC,1861,Rule-10.4,,
,,,QAC,1862,Rule-10.4,,
,,,QAC,1863,Rule-10.4,,
,,,QAC,1864,Rule-10.4,,
,,,QAC,1880,Rule-10.4,,
,,,QAC,1881,Rule-10.4,,
,,,QAC,1882,Rule-10.4,,
,,,QAC,1890,Rule-10.7,,
,,,QAC,1891,Rule-10.7,,
,,,QAC,1892,Rule-10.7,,
,,,QAC,1893,Rule-10.7,,
,,,QAC,1894,Rule-10.7,,
,,,QAC,1895,Rule-10.7,,
,,,QAC,2850,Rule-10.3|Dir-1.1,,
,,,QAC,2851,Dir-1.1,,
,,,QAC,2852,Dir-1.1,,
,,,QAC,2853,,,
,,,QAC,2900,Rule-10.3,,
,,,QAC,2901,,,
,,,QAC,2902,,,
,,,QAC,2903,,,
,,,QAC,3101,Rule-10.1,,
,,,QAC,3102,Rule-10.1,,
,,,QAC,4389,Rule-10.8,,
,,,QAC,4390,Rule-10.8,,
,,,QAC,4391,Rule-10.8,,
,,,QAC,4392,Rule-10.8,,
,,,QAC,4393,Rule-10.8,,
,,,QAC,4394,Rule-10.8,,
,,,QAC,4395,Rule-10.8,,
,,,QAC,4398,Rule-10.8,,
,,,QAC,4399,Rule-10.8,,
,,,QAC,4401,Rule-10.3,,
,,,QAC,4402,Rule-10.3,,
,,,QAC,4403,Rule-10.3,,
,,,QAC,4404,Rule-10.3,,
,,,QAC,4405,Rule-10.3,,
,,,QAC,4410,Rule-10.3,,
,,,QAC,4412,Rule-10.3,,
,,,QAC,4413,Rule-10.3,,
,,,QAC,4414,Rule-10.3,,
,,,QAC,4415,Rule-10.3,,
,,,QAC,4420,Rule-10.3,,
,,,QAC,4421,Rule-10.3,,
,,,QAC,4422,Rule-10.3,,
,,,QAC,4423,Rule-10.3,,
,,,QAC,4424,Rule-10.3,,
,,,QAC,4425,Rule-10.3,,
,,,QAC,4430,Rule-10.3,,
,,,QAC,4431,Rule-10.3,,
,,,QAC,4432,Rule-10.3,,
,,,QAC,4434,Rule-10.3,,
,,,QAC,4435,Rule-10.3,,
,,,QAC,4436,,,
,,,QAC,4437,Rule-10.3,,
,,,QAC,4440,Rule-10.3,,
,,,QAC,4441,Rule-10.3,,
,,,QAC,4442,Rule-10.3,,
,,,QAC,4443,Rule-10.3,,
,,,QAC,4445,Rule-10.3,,
,,,QAC,4446,Rule-10.3,,
,,,QAC,4447,Rule-10.3,,
,,,QAC,4450,Rule-10.3,,
,,,QAC,4451,Rule-10.3,,
,,,QAC,4452,Rule-10.3,,
,,,QAC,4453,Rule-10.3,,
,,,QAC,4454,Rule-10.3,,
,,,QAC,4460,Rule-10.3,,
,,,QAC,4461,Rule-10.3,,
,,,QAC,4462,Rule-10.3,,
,,,QAC,4463,Rule-10.3,,
,,,QAC,4464,Rule-10.3,,
,,,QAC,4465,Rule-10.3,,
,,,QAC,4490,Rule-10.6,,
,,,QAC,4491,Rule-10.6,,
,,,QAC,4492,Rule-10.6,,
,,,QAC,4499,Rule-10.6,,
,,,QAC,4500,Rule-10.1,,
,,,QAC,4501,Rule-10.1,,
,,,QAC,4502,Rule-10.1,,
,,,QAC,4503,Rule-10.1,,
,,,QAC,4504,Rule-10.1,,
,,,QAC,4505,Rule-10.1,,
,,,QAC,4507,Rule-10.1,,
,,,QAC,4510,Rule-10.1,,
,,,QAC,4511,Rule-10.1,,
,,,QAC,4512,Rule-10.1,,
,,,QAC,4513,Rule-10.1,,
,,,QAC,4514,Rule-10.1,,
,,,QAC,4518,Rule-10.1,,
,,,QAC,4519,Rule-10.1,,
,,,QAC,4521,Rule-10.1,,
,,,QAC,4522,Rule-10.1,,
,,,QAC,4523,Rule-10.1,,
,,,QAC,4524,Rule-10.1,,
,,,QAC,4527,Rule-10.1,,
,,,QAC,4528,Rule-10.1,,
,,,QAC,4529,Rule-10.1,,
,,,QAC,4532,Rule-10.1,,
,,,QAC,4533,Rule-10.1,,
,,,QAC,4534,Rule-10.1,,
,,,QAC,4538,Rule-10.1,,
,,,QAC,4539,Rule-10.1,,
,,,QAC,4542,Rule-10.1,,
,,,QAC,4543,Rule-10.1,,
,,,QAC,4544,,,
,,,QAC,4548,Rule-10.1,,
,,,QAC,4549,Rule-10.1,,
,,,QAC,4558,Rule-10.1,,
,,,QAC,4559,Rule-10.1,,
,,,QAC,4568,Rule-10.1,,
,,,QAC,4569,Rule-10.1,,
CWE-192,,681,CWECCM,,,"INT02-C,INT05-C,INT31-C",
CWE-192,,681,QAC,1250,,"INT02-C,INT05-C,INT31-C",
,,,QAC,1251,,,
,,,QAC,1252,,,
,,,QAC,1253,,,
,,,QAC,1256,,,
,,,QAC,1257,Rule-10.3,,
,,,QAC,1260,,,
,,,QAC,1263,,,
,,,QAC,1266,Rule-10.3,,
,,,QAC,1274,,,
,,,QAC,1290,,,
,,,QAC,1291,Rule-10.3,,
,,,QAC,1292,Rule-10.3,,
,,,QAC,1293,Rule-10.3,,
,,,QAC,1294,Rule-10.3,,
,,,QAC,1295,Rule-10.3,,
,,,QAC,1296,Rule-10.3,,
,,,QAC,1297,Rule-10.3,,
,,,QAC,1298,Rule-10.3,,
,,,QAC,1299,Rule-10.3,,
,,,QAC,1800,Rule-10.4,,
,,,QAC,1802,Rule-10.4,,
,,,QAC,1803,Rule-10.4,,
,,,QAC,1804,Rule-10.4,,
,,,QAC,1810,Rule-10.2,,
,,,QAC,1811,Rule-10.2,,
,,,QAC,1812,Rule-10.2,,
,,,QAC,1813,Rule-10.2,,
,,,QAC,1820,Rule-10.4,,
,,,QAC,1821,Rule-10.4,,
,,,QAC,1822,Rule-10.4,,
,,,QAC,1823,Rule-10.4,,
,,,QAC,1824,Rule-10.4,,
,,,QAC,1830,Rule-10.4,,
,,,QAC,1831,Rule-10.4,,
,,,QAC,1832,Rule-10.4,,
,,,QAC,1833,Rule-10.4,,
,,,QAC,1834,Rule-10.4,,
,,,QAC,1840,Rule-10.4,,
,,,QAC,1841,Rule-10.4,,
,,,QAC,1842,Rule-10.4,,
,,,QAC,1843,Rule-10.4,,
,,,QAC,1844,Rule-10.4,,
,,,QAC,1850,Rule-10.4,,
,,,QAC,1851,Rule-10.4,,
,,,QAC,1852,Rule-10.4,,
,,,QAC,1853,Rule-10.4,,
,,,QAC,1854,Rule-10.4,,
,,,QAC,1860,Rule-10.4,,
,,,QAC,1861,Rule-10.4,,
,,,QAC,1862,Rule-10.4,,
,,,QAC,1863,Rule-10.4,,
,,,QAC,1864,Rule-10.4,,
,,,QAC,1880,Rule-10.4,,
,,,QAC,1881,Rule-10.4,,
,,,QAC,1882,Rule-10.4,,
,,,QAC,2100,,,
,,,QAC,2101,,,
,,,QAC,2102,,,
,,,QAC,2103,,,
,,,QAC,2104,,,
,,,QAC,2105,,,
,,,QAC,2106,,,
,,,QAC,2107,,,
,,,QAC,2109,,,
,,,QAC,2110,,,
,,,QAC,2111,,,
,,,QAC,2112,,,
,,,QAC,2113,,,
,,,QAC,2114,,,
,,,QAC,2115,,,
,,,QAC,2116,,,
,,,QAC,2117,,,
,,,QAC,2118,,,
,,,QAC,2119,,,
,,,QAC,2120,,,
,,,QAC,2122,,,
,,,QAC,2124,,,
,,,QAC,2130,,,
,,,QAC,2132,,,
,,,QAC,2134,,,
,,,QAC,2850,Rule-10.3|Dir-1.1,,
,,,QAC,2851,Dir-1.1,,
,,,QAC,2852,Dir-1.1,,
,,,QAC,2853,,,
,,,QAC,2855,Dir-1.1,,
,,,QAC,2856,Dir-1.1,,
,,,QAC,2857,Dir-1.1,,
,,,QAC,2858,,,
,,,QAC,2890,Rule-10.3,,
,,,QAC,2891,,,
,,,QAC,2892,,,
,,,QAC,2893,,,
,,,QAC,2895,Dir-1.1,,
,,,QAC,2896,Dir-1.1,,
,,,QAC,2897,Dir-1.1,,
,,,QAC,2898,,,
,,,QAC,2900,Rule-10.3,,
,,,QAC,2901,,,
,,,QAC,2902,,,
,,,QAC,2903,,,
,,,QAC,2905,,,
,,,QAC,2906,,,
,,,QAC,2907,,,
,,,QAC,2908,,,
,,,QAC,4401,Rule-10.3,,
,,,QAC,4402,Rule-10.3,,
,,,QAC,4403,Rule-10.3,,
,,,QAC,4404,Rule-10.3,,
,,,QAC,4405,Rule-10.3,,
,,,QAC,4410,Rule-10.3,,
,,,QAC,4412,Rule-10.3,,
,,,QAC,4413,Rule-10.3,,
,,,QAC,4414,Rule-10.3,,
,,,QAC,4415,Rule-10.3,,
,,,QAC,4420,Rule-10.3,,
,,,QAC,4421,Rule-10.3,,
,,,QAC,4422,Rule-10.3,,
,,,QAC,4423,Rule-10.3,,
,,,QAC,4424,Rule-10.3,,
,,,QAC,4425,Rule-10.3,,
,,,QAC,4430,Rule-10.3,,
,,,QAC,4431,Rule-10.3,,
,,,QAC,4432,Rule-10.3,,
,,,QAC,4434,Rule-10.3,,
,,,QAC,4435,Rule-10.3,,
,,,QAC,4436,,,
,,,QAC,4437,Rule-10.3,,
,,,QAC,4440,Rule-10.3,,
,,,QAC,4441,Rule-10.3,,
,,,QAC,4442,Rule-10.3,,
,,,QAC,4443,Rule-10.3,,
,,,QAC,4445,Rule-10.3,,
,,,QAC,4446,Rule-10.3,,
,,,QAC,4447,Rule-10.3,,
,,,QAC,4460,Rule-10.3,,
,,,QAC,4461,Rule-10.3,,
,,,QAC,4463,Rule-10.3,,
,,,QAC,4464,Rule-10.3,,
,,,QAC,4470,,,
,,,QAC,4471,,,
,,,QAC,4480,,,
,,,QAC,4481,,,
CWE-250,,"657,269",CWECCM,,,Not Mapped,Not Mapped
CWE-251,589,758,CWECCM,,,Not Mapped,Not Mapped
CWE-389,,119,QAC,3200,Dir-4.7|Rule-17.7,Not Mapped,Not Mapped
,,,QAC,3208,,,
,,,QAC,3209,,,
CWE-452,11,710,QAC,351,,Not Mapped,Not Mapped
,,,QAC,620,Rule-1.1,,
,,,QAC,621,Rule-1.1,,
,,,QAC,671,Rule-1.1,,
,,,QAC,672,Rule-1.3,,
,,,QAC,673,Rule-1.1,,
,,,QAC,674,Rule-1.1,,
,,,QAC,675,Rule-1.1,,
,,,QAC,682,Rule-1.1,,
,,,QAC,683,Rule-1.1,,
,,,QAC,684,Rule-1.1,,
,,,QAC,685,Rule-1.1,,
,,,QAC,686,Rule-9.3,,
,,,QAC,687,,,
,,,QAC,688,,,
,,,QAC,689,,,
,,,QAC,690,Rule-1.1,,
,,,QAC,691,Rule-9.3,,
,,,QAC,692,,,
,,,QAC,693,Rule-9.2,,
,,,QAC,694,Rule-9.2,,
,,,QAC,698,Rule-1.1,,
,,,QAC,699,Rule-1.1,,
,,,QAC,703,,,
,,,QAC,704,,,
,,,QAC,722,,,
,,,QAC,723,,,
,,,QAC,941,Rule-1.1,,
,,,QAC,2961,Rule-9.1,,
,,,QAC,2962,Rule-9.1,,
,,,QAC,2963,,,
,,,QAC,2966,,,
,,,QAC,2967,,,
,,,QAC,2968,,,
,,,QAC,2971,Rule-9.1,,
,,,QAC,2972,Rule-9.1,,
,,,QAC,2973,,,
,,,QAC,2976,,,
,,,QAC,2977,,,
,,,QAC,2978,,,
,,,QAC,3233,,,
,,,QAC,3604,,,
CWE-465,,681,QAC,308,Rule-11.2,Not Mapped,Not Mapped
,,,QAC,310,Rule-11.3,,
,,,QAC,325,Rule-11.2,,
,,,QAC,487,Rule-1.1,,
,,,QAC,489,,,
,,,QAC,674,Rule-1.1,,
,,,QAC,696,,,
,,,QAC,751,,,
,,,QAC,2668,Rule-18.2,,
,,,QAC,2669,Rule-18.3,,
,,,QAC,2761,Rule-18.2,,
,,,QAC,2762,Rule-18.2,,
,,,QAC,2763,,,
,,,QAC,2766,Rule-18.2,,
,,,QAC,2767,Rule-18.2,,
,,,QAC,2768,,,
,,,QAC,2771,Rule-18.3,,
,,,QAC,2772,Rule-18.3,,
,,,QAC,2773,,,
,,,QAC,2810,Rule-1.3,,
,,,QAC,2811,Dir-4.1,,
,,,QAC,2812,Dir-4.1,,
,,,QAC,2813,,,
,,,QAC,2814,,,
,,,QAC,2820,Rule-1.3,,
,,,QAC,2821,Dir-4.1,,
,,,QAC,2822,Dir-4.1,,
,,,QAC,2823,,,
,,,QAC,2824,,,
,,,QAC,2840,Rule-21.18|Rule-1.3|Rule-18.1,,
,,,QAC,2841,Rule-21.18|Rule-18.1|Dir-4.1,,
,,,QAC,2842,Rule-21.18|Rule-18.1|Dir-4.1,,
,,,QAC,2843,,,
,,,QAC,2844,,,
,,,QAC,2930,Rule-18.1,,
,,,QAC,2931,Rule-18.1,,
,,,QAC,2932,Rule-18.1,,
,,,QAC,2933,,,
,,,QAC,2934,,,
,,,QAC,2935,Rule-21.17|Rule-21.18|Rule-1.3|Rule-18.1,,
,,,QAC,2936,Rule-21.17|Rule-21.18|Rule-18.1|Dir-4.1,,
,,,QAC,2937,Rule-21.17|Rule-21.18|Rule-18.1|Dir-4.1,,
,,,QAC,2938,,,
,,,QAC,2939,,,
,,,QAC,2961,Rule-9.1,,
,,,QAC,2962,Rule-9.1,,
,,,QAC,2963,,,
CWE-559,,663,CWECCM,,,Not Mapped,Not Mapped
CWE-559,,663,QAC,184,Rule-1.3,Not Mapped,Not Mapped
,,,QAC,185,Rule-1.3,,
,,,QAC,1331,Rule-1.3,,
,,,QAC,1332,Rule-1.3,,
,,,QAC,1333,Rule-1.3,,
,,,QAC,3002,Rule-8.2,,
,,,QAC,3320,Rule-1.3,,
,,,QAC,3335,Rule-17.3,,
CWE-569,,480,QAC,303,Rule-11.4,Not Mapped,Not Mapped
,,,QAC,305,Rule-11.1,,
,,,QAC,306,Rule-11.4,,
,,,QAC,308,Rule-11.2,,
,,,QAC,310,Rule-11.3,,
,,,QAC,313,Rule-11.1,,
,,,QAC,314,Dir-1.1,,
,,,QAC,315,Dir-1.1,,
,,,QAC,316,Rule-11.5,,
,,,QAC,317,Rule-11.5,,
,,,QAC,318,,,
,,,QAC,324,Rule-11.2,,
,,,QAC,325,Rule-11.2,,
,,,QAC,326,Rule-11.6,,
,,,QAC,336,Rule-7.1,,
,,,QAC,339,Rule-7.1,,
,,,QAC,428,,,
,,,QAC,488,Rule-18.4,,
,,,QAC,489,,,
,,,QAC,490,,,
,,,QAC,491,,,
,,,QAC,492,,,
,,,QAC,513,Rule-1.1,,
,,,QAC,514,Rule-1.1,,
,,,QAC,515,Rule-1.1,,
,,,QAC,553,,,
,,,QAC,597,,,
,,,QAC,606,Rule-8.3,,
,,,QAC,624,Rule-8.3,,
,,,QAC,652,,,
,,,QAC,722,,,
,,,QAC,723,,,
,,,QAC,724,Rule-8.12,,
,,,QAC,751,,,
,,,QAC,752,Rule-7.4,,
,,,QAC,753,Rule-7.4,,
,,,QAC,769,,,
,,,QAC,770,,,
,,,QAC,771,Rule-15.4,,
,,,QAC,780,,,
,,,QAC,781,,,
,,,QAC,782,,,
,,,QAC,783,,,
,,,QAC,790,,,
,,,QAC,832,,,
,,,QAC,838,,,
,,,QAC,839,,,
,,,QAC,841,Rule-20.5,,
,,,QAC,842,,,
,,,QAC,843,,,
,,,QAC,861,,,
,,,QAC,862,,,
,,,QAC,868,,,
,,,QAC,878,,,
,,,QAC,880,,,
,,,QAC,881,,,
,,,QAC,882,,,
,,,QAC,883,Dir-4.10|Rule-1.2,,
,,,QAC,884,,,
,,,QAC,889,,,
,,,QAC,890,,,
,,,QAC,891,,,
,,,QAC,1100,,,
,,,QAC,1254,,,
,,,QAC,1255,,,
,,,QAC,1271,,,
,,,QAC,1272,,,
,,,QAC,1277,,,
,,,QAC,1278,,,
,,,QAC,1279,,,
,,,QAC,1280,Rule-7.3,,
,,,QAC,1281,Rule-7.2,,
,,,QAC,1304,,,
,,,QAC,1310,,,
,,,QAC,1317,,,
,,,QAC,1323,,,
,,,QAC,1325,,,
,,,QAC,1330,Rule-8.3,,
,,,QAC,1334,,,
,,,QAC,1335,Rule-8.2,,
,,,QAC,1336,Rule-8.2,,
,,,QAC,1337,Rule-17.1,,
,,,QAC,1461,,,
,,,QAC,1475,,,
,,,QAC,1476,,,
,,,QAC,1477,,,
,,,QAC,1478,,,
,,,QAC,1690,,,
,,,QAC,1691,,,
,,,QAC,2000,,,
,,,QAC,2001,Rule-15.1,,
,,,QAC,2002,Rule-16.4,,
,,,QAC,2003,Rule-16.3,,
,,,QAC,2004,Rule-15.7,,
,,,QAC,2007,,,
,,,QAC,2009,,,
,,,QAC,2011,,,
,,,QAC,2014,,,
,,,QAC,2015,,,
,,,QAC,2016,Rule-16.4,,
,,,QAC,2017,,,
,,,QAC,2020,Rule-16.3,,
,,,QAC,2022,,,
,,,QAC,2050,Rule-8.1,,
,,,QAC,2051,Rule-8.1,,
,,,QAC,2200,Dir-5.2,,
,,,QAC,2201,,,
,,,QAC,2203,Dir-5.2,,
,,,QAC,2204,Dir-5.2,,
,,,QAC,2205,Dir-5.3,,
,,,QAC,2207,,,
,,,QAC,2208,,,
,,,QAC,2209,Dir-5.2,,
,,,QAC,2210,Rule-4.3,,
,,,QAC,2211,,,
,,,QAC,2212,Rule-15.6,,
,,,QAC,2213,,,
,,,QAC,2214,Rule-15.6,,
,,,QAC,2215,,,
,,,QAC,2216,,,
,,,QAC,2217,,,
,,,QAC,2218,Rule-15.6,,
,,,QAC,2219,Rule-15.6,,
,,,QAC,2461,Rule-14.2,,
,,,QAC,2462,Rule-14.2,,
,,,QAC,2463,Rule-14.2,,
,,,QAC,2464,Rule-14.2,,
,,,QAC,2467,Rule-14.2,,
,,,QAC,2468,Rule-14.2,,
,,,QAC,2469,Rule-14.2,,
,,,QAC,2470,,,
,,,QAC,2471,Rule-14.2,,
,,,QAC,2472,Rule-14.2,,
,,,QAC,2476,Rule-14.2,,
,,,QAC,2477,Rule-14.2,,
,,,QAC,2481,,,
,,,QAC,2487,,,
,,,QAC,2488,,,
,,,QAC,2740,,,
,,,QAC,2741,Rule-14.3,,
,,,QAC,2742,Rule-14.3,,
,,,QAC,2743,,,
,,,QAC,2744,Rule-2.1,,
,,,QAC,2980,Rule-2.2,,
,,,QAC,2981,Rule-2.2,,
,,,QAC,2982,Rule-2.2,,
,,,QAC,2983,Rule-2.2,,
,,,QAC,2984,,,
,,,QAC,2985,Rule-2.2,,
,,,QAC,2986,Rule-2.2,,
,,,QAC,3001,Rule-8.2,,
,,,QAC,3004,Rule-11.9,,
,,,QAC,3006,Dir-4.3,,
,,,QAC,3007,Rule-8.2,,
,,,QAC,3008,Dir-4.3,,
,,,QAC,3106,,,
,,,QAC,3108,Rule-3.1,,
,,,QAC,3109,,,
,,,QAC,3112,Rule-2.2,,
,,,QAC,3115,Rule-20.13,,
,,,QAC,3116,Dir-1.1,,
,,,QAC,3117,,,
,,,QAC,3118,,,
,,,QAC,3120,,,
,,,QAC,3121,,,
,,,QAC,3122,,,
,,,QAC,3123,,,
,,,QAC,3131,,,
,,,QAC,3132,,,
,,,QAC,3138,,,
,,,QAC,3139,,,
,,,QAC,3140,,,
,,,QAC,3141,,,
,,,QAC,3200,Dir-4.7|Rule-17.7,,
,,,QAC,3202,Rule-2.6,,
,,,QAC,3204,,,
,,,QAC,3205,Rule-2.3,,
,,,QAC,3206,Rule-2.7,,
,,,QAC,3207,,,
,,,QAC,3208,,,
,,,QAC,3209,,,
,,,QAC,3210,,,
,,,QAC,3211,,,
,,,QAC,3216,,,
,,,QAC,3218,Rule-8.9,,
,,,QAC,3219,Rule-2.1,,
,,,QAC,3220,,,
,,,QAC,3221,,,
,,,QAC,3222,,,
,,,QAC,3223,,,
,,,QAC,3224,Rule-8.8,,
,,,QAC,3227,,,
,,,QAC,3228,,,
,,,QAC,3231,,,
,,,QAC,3232,,,
,,,QAC,3233,,,
,,,QAC,3240,Rule-8.10,,
,,,QAC,3243,Rule-8.10,,
,,,QAC,3260,Rule-18.5,,
,,,QAC,3261,Rule-18.5,,
,,,QAC,3262,Rule-18.5,,
,,,QAC,3263,Rule-18.5,,
,,,QAC,3307,Rule-13.6,,
,,,QAC,3308,,,
,,,QAC,3311,Rule-1.3,,
,,,QAC,3312,Rule-1.3,,
,,,QAC,3313,,,
,,,QAC,3314,,,
,,,QAC,3326,Rule-13.4,,
,,,QAC,3330,,,
,,,QAC,3331,Rule-8.4,,
,,,QAC,3333,,,
,,,QAC,3339,Rule-14.1,,
,,,QAC,3340,Rule-14.1,,
,,,QAC,3342,Rule-14.1,,
,,,QAC,3344,Rule-14.4,,
,,,QAC,3345,,,
,,,QAC,3389,Rule-12.1,,
,,,QAC,3390,,,
,,,QAC,3391,Rule-12.1,,
,,,QAC,3392,Rule-12.1,,
,,,QAC,3393,,,
,,,QAC,3394,Rule-12.1,,
,,,QAC,3395,Rule-12.1,,
,,,QAC,3396,Rule-12.1,,
,,,QAC,3397,Rule-12.1,,
,,,QAC,3398,,,
,,,QAC,3399,,,
,,,QAC,3400,,,
,,,QAC,3401,,,
,,,QAC,3402,Rule-15.6,,
,,,QAC,3403,,,
,,,QAC,3408,Rule-8.4,,
,,,QAC,3409,,,
,,,QAC,3410,,,
,,,QAC,3411,,,
,,,QAC,3412,,,
,,,QAC,3413,,,
,,,QAC,3414,,,
,,,QAC,3415,Rule-13.5,,
,,,QAC,3416,,,
,,,QAC,3419,,,
,,,QAC,3420,,,
,,,QAC,3428,,,
,,,QAC,3429,,,
,,,QAC,3430,Rule-20.7,,
,,,QAC,3431,,,
,,,QAC,3432,Rule-20.7,,
,,,QAC,3439,Rule-20.4,,
,,,QAC,3441,,,
,,,QAC,3442,,,
,,,QAC,3443,,,
,,,QAC,3446,,,
,,,QAC,3447,,,
,,,QAC,3448,,,
,,,QAC,3450,,,
,,,QAC,3451,Rule-8.5,,
,,,QAC,3452,,,
,,,QAC,3453,,,
,,,QAC,3454,,,
,,,QAC,3455,,,
,,,QAC,3456,,,
,,,QAC,3457,,,
,,,QAC,3458,,,
,,,QAC,3459,,,
,,,QAC,3460,,,
,,,QAC,3461,,,
,,,QAC,3468,Rule-20.4,,
,,,QAC,3470,,,
,,,QAC,3501,,,
,,,QAC,3601,Rule-4.2,,
,,,QAC,3607,,,
,,,QAC,3610,,,
,,,QAC,3613,,,
,,,QAC,3616,,,
,,,QAC,3625,,,
,,,QAC,3626,,,
,,,QAC,3627,,,
,,,QAC,3628,,,
,,,QAC,3629,,,
,,,QAC,3631,,,
,,,QAC,3632,,,
,,,QAC,3633,,,
,,,QAC,3635,,,
,,,QAC,3671,,,
,,,QAC,3672,,,
,,,QAC,3673,Rule-8.13,,
,,,QAC,3675,Rule-8.3,,
,,,QAC,3677,Rule-8.13,,
,,,QAC,4139,,,
,,,QAC,4150,,,
,,,QAC,4151,,,
,,,QAC,4152,,,
,,,QAC,4153,,,
,,,QAC,4600,Rule-21.1,,
,,,QAC,4601,Rule-21.1,,
,,,QAC,4602,Rule-21.2,,
,,,QAC,4603,Rule-21.2,,
,,,QAC,4604,Rule-21.2,,
,,,QAC,4605,Rule-21.2,,
,,,QAC,4606,Rule-21.2,,
,,,QAC,4607,Rule-21.2,,
,,,QAC,4608,Rule-21.2,,
,,,QAC,4620,Rule-21.1,,
,,,QAC,4621,Rule-21.1,,
,,,QAC,4622,,,
,,,QAC,4623,,,
,,,QAC,4624,,,
,,,QAC,4640,,,
,,,QAC,4641,,,
,,,QAC,4642,,,
,,,QAC,4643,,,
,,,QAC,4644,,,
,,,QAC,4645,,,
CWE-633,,"668,20",CWECCM,,,Not Mapped,Not Mapped
CWE-633,,"668,20",QAC,160,Rule-1.3,Not Mapped,Not Mapped
,,,QAC,161,Rule-1.3,,
,,,QAC,162,Rule-1.3,,
,,,QAC,163,Rule-1.3,,
,,,QAC,164,Rule-1.3,,
,,,QAC,165,Rule-1.3,,
,,,QAC,166,Rule-1.3,,
,,,QAC,167,Rule-1.3,,
,,,QAC,168,Rule-1.3,,
,,,QAC,169,Rule-1.3,,
,,,QAC,170,Rule-1.3,,
,,,QAC,171,Rule-1.3,,
,,,QAC,172,Rule-1.3,,
,,,QAC,173,Rule-1.3,,
,,,QAC,174,Rule-1.3,,
,,,QAC,175,Rule-1.3,,
,,,QAC,176,Rule-1.3,,
,,,QAC,177,Rule-1.3,,
,,,QAC,178,Rule-1.3,,
,,,QAC,179,Rule-1.3,,
,,,QAC,184,Rule-1.3,,
,,,QAC,185,Rule-1.3,,
,,,QAC,186,Rule-1.3,,
,,,QAC,190,Rule-1.3,,
,,,QAC,191,Rule-1.3,,
,,,QAC,192,Rule-1.3,,
,,,QAC,193,Rule-1.3,,
,,,QAC,194,Rule-1.3,,
,,,QAC,195,Rule-1.3,,
,,,QAC,196,Rule-1.3,,
,,,QAC,197,Rule-1.3,,
,,,QAC,198,Rule-1.3,,
,,,QAC,199,Rule-1.3,,
,,,QAC,200,Rule-1.3,,
,,,QAC,201,Rule-1.3,,
,,,QAC,203,Rule-1.3,,
,,,QAC,204,Rule-1.3,,
,,,QAC,206,Rule-1.3,,
,,,QAC,207,Rule-1.3,,
,,,QAC,208,Rule-1.3,,
,,,QAC,235,Rule-1.3,,
,,,QAC,337,Rule-1.3,,
,,,QAC,2800,Rule-1.3,,
,,,QAC,2801,Dir-4.1,,
,,,QAC,2802,Dir-4.1,,
,,,QAC,2803,,,
,,,QAC,2840,Rule-21.18|Rule-1.3|Rule-18.1,,
,,,QAC,2841,Rule-21.18|Rule-18.1|Dir-4.1,,
,,,QAC,2842,Rule-21.18|Rule-18.1|Dir-4.1,,
,,,QAC,2843,,,
,,,QAC,2844,,,
,,,QAC,2845,Rule-21.18|Dir-4.1,,
,,,QAC,2846,Rule-21.18|Dir-4.1,,
,,,QAC,2847,Rule-21.18|Dir-4.1,,
,,,QAC,2848,,,
,,,QAC,2849,,,
,,,QAC,2930,Rule-18.1,,
,,,QAC,2931,Rule-18.1,,
,,,QAC,2932,Rule-18.1,,
,,,QAC,2933,,,
,,,QAC,2934,,,
,,,QAC,2935,Rule-21.17|Rule-21.18|Rule-1.3|Rule-18.1,,
,,,QAC,2936,Rule-21.17|Rule-21.18|Rule-18.1|Dir-4.1,,
,,,QAC,2937,Rule-21.17|Rule-21.18|Rule-18.1|Dir-4.1,,
,,,QAC,2938,,,
,,,QAC,2939,,,
,,,QAC,2950,,,
,,,QAC,2951,,,
,,,QAC,2952,,,
,,,QAC,2953,,,
,,,QAC,2980,Rule-2.2,,
,,,QAC,2981,Rule-2.2,,
,,,QAC,2982,Rule-2.2,,
,,,QAC,2983,Rule-2.2,,
,,,QAC,2984,,,
,,,QAC,2985,Rule-2.2,,
,,,QAC,2986,Rule-2.2,,
,,,QAC,2995,Rule-2.2,,
,,,QAC,2996,Rule-2.2,,
,,,QAC,3110,Rule-2.2,,
,,,QAC,3112,Rule-2.2,,
,,,QAC,3425,Rule-2.2,,
,,,QAC,3426,Rule-2.2,,
,,,QAC,3427,Rule-2.2,,
CWE-735,,"20,1285",QAC,853,Rule-1.3|Rule-20.6,Not Mapped,Not Mapped
,,,QAC,3453,,,
,,,QAC,3455,,,
,,,QAC,3456,,,
CWE-736,,"657,269",QAC,434,Dir-2.1,Not Mapped,Not Mapped
,,,QAC,602,Rule-1.3|Rule-21.2,,
,,,QAC,625,Rule-1.3,,
,,,QAC,778,Dir-1.1,,
,,,QAC,779,Rule-5.2,,
,,,QAC,1037,Dir-1.1|Rule-1.2,,
,,,QAC,2008,Rule-16.1,,
,,,QAC,2050,Rule-8.1,,
,,,QAC,2051,Rule-8.1,,
,,,QAC,2882,Rule-2.1,,
,,,QAC,3217,Rule-18.6,,
,,,QAC,3225,Rule-18.6,,
,,,QAC,3230,Rule-18.6,,
,,,QAC,3234,Rule-16.1,,
,,,QAC,3335,Rule-17.3,,
,,,QAC,4140,Rule-18.6,,
,,,QAC,4600,Rule-21.1,,
,,,QAC,4601,Rule-21.1,,
,,,QAC,4602,Rule-21.2,,
,,,QAC,4603,Rule-21.2,,
,,,QAC,4604,Rule-21.2,,
,,,QAC,4605,Rule-21.2,,
,,,QAC,4606,Rule-21.2,,
,,,QAC,4607,Rule-21.2,,
,,,QAC,4608,Rule-21.2,,
CWE-737,,682,QAC,310,Rule-11.3,Not Mapped,Not Mapped
,,,QAC,312,Rule-11.8,,
,,,QAC,400,Rule-1.3|Rule-13.2,,
,,,QAC,401,Rule-1.3|Rule-13.2,,
,,,QAC,402,Rule-1.3|Rule-13.2,,
,,,QAC,403,Rule-1.3|Rule-13.2,,
,,,QAC,404,Rule-1.3|Rule-13.2,,
,,,QAC,405,Rule-1.3|Rule-13.2,,
,,,QAC,563,Rule-1.1,,
,,,QAC,674,Rule-1.1,,
,,,QAC,751,,,
,,,QAC,1331,Rule-1.3,,
,,,QAC,1332,Rule-1.3,,
,,,QAC,1333,Rule-1.3,,
,,,QAC,2810,Rule-1.3,,
,,,QAC,2811,Dir-4.1,,
,,,QAC,2812,Dir-4.1,,
,,,QAC,2813,,,
,,,QAC,2814,,,
,,,QAC,2820,Rule-1.3,,
,,,QAC,2821,Dir-4.1,,
,,,QAC,2822,Dir-4.1,,
,,,QAC,2823,,,
,,,QAC,2824,,,
,,,QAC,2961,Rule-9.1,,
,,,QAC,2962,Rule-9.1,,
,,,QAC,2963,,,
,,,QAC,2966,,,
,,,QAC,2967,,,
,,,QAC,2968,,,
,,,QAC,2971,Rule-9.1,,
,,,QAC,2972,Rule-9.1,,
,,,QAC,2973,,,
,,,QAC,2976,,,
,,,QAC,2977,,,
,,,QAC,2978,,,
,,,QAC,3002,Rule-8.2,,
,,,QAC,3305,Rule-11.3,,
,,,QAC,3307,Rule-13.6,,
,,,QAC,3314,,,
,,,QAC,3320,Rule-1.3,,
,,,QAC,3326,Rule-13.4,,
,,,QAC,3335,Rule-17.3,,
,,,QAC,3344,Rule-14.4,,
,,,QAC,3416,,,
,,,QAC,4502,Rule-10.1,,
CWE-738,,682,QAC,305,Rule-11.1,Not Mapped,Not Mapped
,,,QAC,306,Rule-11.4,,
,,,QAC,309,Rule-1.3,,
,,,QAC,324,Rule-11.2,,
,,,QAC,326,Rule-11.6,,
,,,QAC,499,Rule-12.2,,
,,,QAC,674,Rule-1.1,,
,,,QAC,2790,Rule-12.2,,
,,,QAC,2791,Rule-12.2|Dir-4.1,,
,,,QAC,2792,Rule-12.2|Dir-4.1,,
,,,QAC,2793,,,
,,,QAC,2800,Rule-1.3,,
,,,QAC,2801,Dir-4.1,,
,,,QAC,2802,Dir-4.1,,
,,,QAC,2803,,,
,,,QAC,2830,Rule-1.3,,
,,,QAC,2831,Dir-4.1,,
,,,QAC,2832,Dir-4.1,,
,,,QAC,2833,,,
,,,QAC,2834,,,
,,,QAC,2850,Rule-10.3|Dir-1.1,,
,,,QAC,2851,Dir-1.1,,
,,,QAC,2852,Dir-1.1,,
,,,QAC,2853,,,
,,,QAC,2855,Dir-1.1,,
,,,QAC,2856,Dir-1.1,,
,,,QAC,2857,Dir-1.1,,
,,,QAC,2858,,,
,,,QAC,2890,Rule-10.3,,
,,,QAC,2891,,,
,,,QAC,2892,,,
,,,QAC,2893,,,
,,,QAC,2895,Dir-1.1,,
,,,QAC,2896,Dir-1.1,,
,,,QAC,2897,Dir-1.1,,
,,,QAC,2898,,,
,,,QAC,2900,Rule-10.3,,
,,,QAC,2901,,,
,,,QAC,2902,,,
,,,QAC,2903,,,
,,,QAC,2905,,,
,,,QAC,2906,,,
,,,QAC,2907,,,
,,,QAC,2908,,,
,,,QAC,2910,Rule-12.4,,
,,,QAC,2911,,,
,,,QAC,2912,,,
,,,QAC,2913,,,
CWE-739,,"669,573",QAC,3339,Rule-14.1,Not Mapped,Not Mapped
,,,QAC,3340,Rule-14.1,,
,,,QAC,3342,Rule-14.1,,
,,,QAC,4450,Rule-10.3,,
,,,QAC,4451,Rule-10.3,,
,,,QAC,4452,Rule-10.3,,
,,,QAC,4453,Rule-10.3,,
,,,QAC,4454,Rule-10.3,,
,,,QAC,4462,Rule-10.3,,
,,,QAC,4465,Rule-10.3,,
CWE-740,,"704,758",QAC,487,Rule-1.1,Not Mapped,Not Mapped
,,,QAC,1051,Rule-18.8|Dir-1.1|Rule-1.2,,
,,,QAC,2668,Rule-18.2,,
,,,QAC,2669,Rule-18.3,,
,,,QAC,2761,Rule-18.2,,
,,,QAC,2762,Rule-18.2,,
,,,QAC,2763,,,
,,,QAC,2766,Rule-18.2,,
,,,QAC,2767,Rule-18.2,,
,,,QAC,2768,,,
,,,QAC,2771,Rule-18.3,,
,,,QAC,2772,Rule-18.3,,
,,,QAC,2773,,,
,,,QAC,2840,Rule-21.18|Rule-1.3|Rule-18.1,,
,,,QAC,2841,Rule-21.18|Rule-18.1|Dir-4.1,,
,,,QAC,2842,Rule-21.18|Rule-18.1|Dir-4.1,,
,,,QAC,2843,,,
,,,QAC,2844,,,
,,,QAC,2845,Rule-21.18|Dir-4.1,,
,,,QAC,2846,Rule-21.18|Dir-4.1,,
,,,QAC,2847,Rule-21.18|Dir-4.1,,
,,,QAC,2848,,,
,,,QAC,2849,,,
,,,QAC,2930,Rule-18.1,,
,,,QAC,2931,Rule-18.1,,
,,,QAC,2932,Rule-18.1,,
,,,QAC,2933,,,
,,,QAC,2934,,,
,,,QAC,2935,Rule-21.17|Rule-21.18|Rule-1.3|Rule-18.1,,
,,,QAC,2936,Rule-21.17|Rule-21.18|Rule-18.1|Dir-4.1,,
,,,QAC,2937,Rule-21.17|Rule-21.18|Rule-18.1|Dir-4.1,,
,,,QAC,2938,,,
,,,QAC,2939,,,
,,,QAC,2950,,,
,,,QAC,2951,,,
,,,QAC,2952,,,
,,,QAC,2953,,,
CWE-741,,"754,703",CWECCM,,,Not Mapped,Not Mapped
CWE-741,,"754,703",QAC,432,Rule-1.1,Not Mapped,Not Mapped
,,,QAC,556,Rule-1.1,,
,,,QAC,752,Rule-7.4,,
,,,QAC,753,Rule-7.4,,
,,,QAC,754,Rule-7.4,,
,,,QAC,4413,Rule-10.3,,
,,,QAC,4414,Rule-10.3,,
CWE-742,,663,QAC,696,,Not Mapped,Not Mapped
CWE-743,,681,QAC,179,Rule-1.3,Not Mapped,Not Mapped
,,,QAC,180,Dir-1.1|Rule-1.2,,
,,,QAC,184,Rule-1.3,,
,,,QAC,185,Rule-1.3,,
,,,QAC,190,Rule-1.3,,
,,,QAC,191,Rule-1.3,,
,,,QAC,192,Rule-1.3,,
,,,QAC,193,Rule-1.3,,
,,,QAC,194,Rule-1.3,,
,,,QAC,195,Rule-1.3,,
,,,QAC,196,Rule-1.3,,
,,,QAC,197,Rule-1.3,,
,,,QAC,198,Rule-1.3,,
,,,QAC,199,Rule-1.3,,
,,,QAC,200,Rule-1.3,,
,,,QAC,201,Rule-1.3,,
,,,QAC,202,Dir-1.1,,
,,,QAC,206,Rule-1.3,,
CWE-744,11,710,CWECCM,,,Not Mapped,Not Mapped
CWE-745,,668,CWECCM,,,Not Mapped,Not Mapped
CWE-746,,"704,758",QAC,3200,Dir-4.7|Rule-17.7,Not Mapped,Not Mapped
CWE-747,,834,CWECCM,,,Not Mapped,Not Mapped
CWE-747,,834,QAC,232,Rule-1.1,Not Mapped,Not Mapped
,,,QAC,233,Rule-1.1,,
,,,QAC,244,Rule-1.1,,
,,,QAC,268,Dir-2.1|Rule-1.1,,
,,,QAC,321,Rule-1.1,,
,,,QAC,322,Rule-1.1,,
,,,QAC,338,Rule-1.1,,
,,,QAC,422,Rule-1.1,,
,,,QAC,423,Rule-1.1,,
,,,QAC,426,Rule-1.1,,
,,,QAC,427,Rule-1.1,,
,,,QAC,429,Rule-1.1,,
,,,QAC,430,Rule-1.1,,
,,,QAC,431,Rule-1.1,,
,,,QAC,432,Rule-1.1,,
,,,QAC,435,Rule-1.1,,
,,,QAC,436,Rule-1.1,,
,,,QAC,437,Rule-1.1,,
,,,QAC,446,Rule-1.1,,
,,,QAC,447,Rule-1.1,,
,,,QAC,448,Rule-1.1,,
,,,QAC,449,Rule-1.1,,
,,,QAC,450,,,
,,,QAC,451,Rule-1.1,,
,,,QAC,452,Rule-1.1,,
,,,QAC,453,Rule-1.1,,
,,,QAC,454,Rule-1.1,,
,,,QAC,455,,,
,,,QAC,456,Rule-1.1,,
,,,QAC,457,Rule-1.1,,
,,,QAC,458,Rule-1.1,,
,,,QAC,459,,,
,,,QAC,464,,,
,,,QAC,465,,,
,,,QAC,466,Rule-1.1,,
,,,QAC,467,Rule-1.1,,
,,,QAC,468,Rule-1.1,,
,,,QAC,469,Rule-1.1,,
,,,QAC,476,Rule-1.1,,
,,,QAC,477,Rule-1.1,,
,,,QAC,478,Rule-1.1,,
,,,QAC,481,Rule-1.1,,
,,,QAC,482,Rule-1.1,,
,,,QAC,483,Rule-1.1,,
,,,QAC,484,Rule-1.1,,
,,,QAC,485,Rule-1.1,,
,,,QAC,486,Rule-1.1,,
,,,QAC,487,Rule-1.1,,
,,,QAC,493,Rule-1.1,,
,,,QAC,494,Rule-1.1,,
,,,QAC,495,Rule-1.1,,
,,,QAC,496,Rule-1.1,,
,,,QAC,513,Rule-1.1,,
,,,QAC,514,Rule-1.1,,
,,,QAC,515,Rule-1.1,,
,,,QAC,536,Rule-1.1,,
,,,QAC,537,Rule-1.1,,
,,,QAC,540,Rule-1.1,,
,,,QAC,541,Rule-1.1,,
,,,QAC,542,Rule-1.1,,
,,,QAC,546,Rule-1.1,,
,,,QAC,547,Rule-1.1,,
,,,QAC,550,Rule-1.1,,
,,,QAC,554,Rule-1.1,,
,,,QAC,555,Rule-1.1,,
,,,QAC,556,Rule-1.1,,
,,,QAC,557,Rule-1.1,,
,,,QAC,558,Rule-1.1,,
,,,QAC,559,Rule-1.1,,
,,,QAC,560,Rule-1.1,,
,,,QAC,561,Rule-1.1,,
,,,QAC,562,Rule-1.1,,
,,,QAC,563,Rule-1.1,,
,,,QAC,564,Rule-1.1,,
,,,QAC,565,Rule-1.1,,
,,,QAC,580,Rule-1.1,,
,,,QAC,588,Rule-1.1,,
,,,QAC,589,Rule-1.1,,
,,,QAC,590,Rule-1.1,,
,,,QAC,591,Rule-1.1,,
,,,QAC,601,Dir-1.1|Rule-1.2,,
,,,QAC,605,Rule-1.1,,
,,,QAC,616,Rule-1.1,,
,,,QAC,619,Rule-1.1,,
,,,QAC,620,Rule-1.1,,
,,,QAC,621,Rule-1.1,,
,,,QAC,622,Rule-1.1,,
,,,QAC,627,Rule-1.1,,
,,,QAC,628,Rule-1.1,,
,,,QAC,629,Rule-1.1,,
,,,QAC,631,Rule-1.1,,
,,,QAC,638,Rule-1.1,,
,,,QAC,640,Rule-1.1,,
,,,QAC,641,Rule-1.1,,
,,,QAC,642,Rule-1.1,,
,,,QAC,643,Rule-1.1,,
,,,QAC,644,Rule-1.1,,
,,,QAC,645,Rule-1.1,,
,,,QAC,646,Rule-1.1,,
,,,QAC,649,Rule-1.1,,
,,,QAC,650,Rule-1.1,,
,,,QAC,651,Rule-1.1,,
,,,QAC,653,Rule-1.1,,
,,,QAC,655,Rule-1.1,,
,,,QAC,656,Rule-1.1,,
,,,QAC,657,Rule-1.1,,
,,,QAC,659,Rule-1.1,,
,,,QAC,664,Rule-1.1,,
,,,QAC,665,Rule-1.1,,
,,,QAC,671,Rule-1.1,,
,,,QAC,673,Rule-1.1,,
,,,QAC,674,Rule-1.1,,
,,,QAC,675,Rule-1.1,,
,,,QAC,677,Rule-1.1,,
,,,QAC,682,Rule-1.1,,
,,,QAC,683,Rule-1.1,,
,,,QAC,684,Rule-1.1,,
,,,QAC,685,Rule-1.1,,
,,,QAC,690,Rule-1.1,,
,,,QAC,698,Rule-1.1,,
,,,QAC,699,Rule-1.1,,
,,,QAC,708,Rule-1.1,,
,,,QAC,709,Rule-1.1,,
,,,QAC,736,Rule-1.1,,
,,,QAC,737,Rule-1.1,,
,,,QAC,738,Rule-1.1,,
,,,QAC,746,Rule-1.1,,
,,,QAC,747,Rule-1.1,,
,,,QAC,755,Rule-1.1,,
,,,QAC,756,Rule-1.1,,
,,,QAC,757,Rule-1.1,,
,,,QAC,758,Rule-1.1,,
,,,QAC,766,Rule-1.1,,
,,,QAC,767,Rule-1.1,,
,,,QAC,768,Rule-1.1,,
,,,QAC,774,Rule-1.1,,
,,,QAC,775,Rule-1.1,,
,,,QAC,801,Rule-1.1,,
,,,QAC,802,Rule-1.1,,
,,,QAC,803,Rule-1.1,,
,,,QAC,804,Rule-1.1,,
,,,QAC,811,Rule-1.1,,
,,,QAC,821,Rule-1.1|Rule-20.3,,
,,,QAC,834,Rule-1.1,,
,,,QAC,835,Rule-1.1,,
,,,QAC,844,Rule-1.1,,
,,,QAC,845,Rule-1.1,,
,,,QAC,851,Rule-1.1,,
,,,QAC,852,Rule-1.1,,
,,,QAC,866,Rule-1.1,,
,,,QAC,873,Rule-1.1,,
,,,QAC,877,Rule-1.1,,
,,,QAC,940,Rule-1.1,,
,,,QAC,941,Rule-1.1,,
,,,QAC,943,Rule-1.1,,
,,,QAC,944,Rule-1.1,,
,,,QAC,1023,Rule-1.1,,
,,,QAC,1024,Rule-1.1,,
,,,QAC,1025,Rule-1.1,,
,,,QAC,1033,Rule-1.1,,
,,,QAC,1047,Rule-1.1,,
,,,QAC,1048,Rule-1.1,,
,,,QAC,2888,Rule-17.4,,
,,,QAC,3236,Rule-1.1,,
,,,QAC,3237,Rule-1.1,,
,,,QAC,3238,Rule-1.1,,
,,,QAC,3244,Rule-1.1,,
CWE-748,,"20,1285",CWECCM,,,Not Mapped,Not Mapped
CWE-748,,"20,1285",QAC,3200,Dir-4.7|Rule-17.7,Not Mapped,Not Mapped
CWE-680,,119,QAC,2800,Rule-1.3,"INT30-C,INT32-C,MEM35-C",
,,,QAC,2801,Dir-4.1,,
,,,QAC,2802,Dir-4.1,,
,,,QAC,2803,,,
,,,QAC,2830,Rule-1.3,,
,,,QAC,2831,Dir-4.1,,
,,,QAC,2832,Dir-4.1,,
,,,QAC,2833,,,
,,,QAC,2834,,,
,,,QAC,2910,Rule-12.4,,
,,,QAC,2911,,,
,,,QAC,2912,,,
,,,QAC,2913,,,
CWE-690,,476,QAC,2814,,EXP34-C,
